item_name,flips,total_profit,total_spent,roi_percent,avg_profit_per_flip,last_flipped
Inquisitor's mace,1,9080342,168299658,5.39534192042149,9080342,09-02-2025
Demon tear,110,8356924,179716377,4.650062581664441,75972.03636363636,09-02-2025
Mokhaiotl waystone,35,6877058,192593381,3.5707654979067014,196487.37142857144,08-31-2025
Rune arrow,148,6637128,233824450,2.8385089754300714,44845.45945945946,09-02-2025
Soul rune,111,6616899,670841498,0.9863580323708596,59611.7027027027,09-02-2025
Cannonball,164,6601780,250311040,2.637430614326879,40254.756097560974,09-02-2025
Zulrah's scales,114,6105794,491658579,1.2418768350221343,53559.59649122807,09-02-2025
Coal,131,4928206,227134994,2.169725550964639,37619.89312977099,09-02-2025
Death rune,119,4748034,310415691,1.5295728075807868,39899.445378151264,09-02-2025
Eye of ayak (uncharged),14,4445266,903038985,0.4922562673194004,317519,09-02-2025
Blood rune,97,4208025,371505635,1.1326947974826815,43381.701030927834,09-02-2025
Revenant ether,94,4054311,440222727,0.9209681262094402,43130.96808510638,09-02-2025
Atlatl dart,100,3983651,70915656,5.617449269594291,39836.51,09-02-2025
Chaos rune,125,3863257,121651506,3.1756754412888237,30906.056,09-02-2025
Cosmic rune,92,2946937,110667727,2.6628693657004447,32031.92391304348,09-02-2025
Tormented synapse,22,2898777,834373558,0.3474195667164227,131762.5909090909,09-01-2025
Ranarr seed,66,2862441,311861780,0.9178556602864256,43370.318181818184,09-02-2025
Amulet of fury,53,2825981,606253826,0.46613825411140586,53320.3962264151,09-02-2025
Runite bolts,104,2780163,145509711,1.9106374281782472,26732.33653846154,09-02-2025
Nature rune,119,2717091,168171540,1.6156663606695876,22832.697478991595,09-02-2025
Adamant dart,96,2692752,40216514,6.695637518458214,28049.5,09-02-2025
Lightbearer,32,2626890,462238309,0.5682977695386126,82090.3125,09-02-2025
Astral rune,82,2499157,103383715,2.417360413097943,30477.524390243903,09-02-2025
Law rune,83,2498618,151959903,1.6442613812408131,30103.831325301206,09-02-2025
Dragon hunter wand,15,2491473,124707181,1.9978584873953649,166098.2,09-02-2025
Magus ring,12,2454181,381270385,0.6436851894489524,204515.08333333334,08-29-2025
Yew longbow,41,2415819,247213490,0.9772197302016163,58922.41463414634,08-31-2025
Amethyst dart,57,2274767,174806796,1.3013035259796193,39908.19298245614,09-02-2025
Basilisk jaw,18,2245892,383611024,0.5854607556846437,124771.77777777778,09-02-2025
Venator bow (uncharged),4,2219432,293221678,0.7569126590974627,554858,08-29-2025
Dragon bones,28,2168844,299839379,0.7233352761179511,77458.71428571429,09-01-2025
Bandos tassets,13,2121151,476750343,0.44491861015818923,163165.46153846153,09-02-2025
Blood shard,16,2044159,313514996,0.6520131496357514,127759.9375,09-02-2025
Prayer potion(4),25,1941501,294059206,0.6602415297278603,77660.04,09-02-2025
Amulet of torture,15,1922724,472026180,0.40733418642160907,128181.6,09-02-2025
Avernic defender hilt,7,1866045,318915827,0.5851214778374734,266577.85714285716,09-01-2025
Dragon warhammer,10,1862192,261788130,0.7113355368709804,186219.2,08-28-2025
Bandos chestplate,14,1769005,481545244,0.3673600813301771,126357.5,08-31-2025
Wrath rune,50,1733847,209556128,0.8273902636719838,34676.94,09-02-2025
Enhanced crystal teleport seed,20,1701042,380652360,0.4468754640060553,85052.1,08-31-2025
Yew longbow (u),33,1700606,64654425,2.63030101961312,51533.51515151515,09-01-2025
Steel bar,43,1654598,166009028,0.9966915775207117,38479.023255813954,08-29-2025
Webweaver bow (u),19,1648425,473423409,0.34819254153104207,86759.21052631579,09-02-2025
Adamantite ore,25,1582634,75807122,2.08771149497009,63305.36,09-01-2025
Torstol seed,31,1548668,31292523,4.949003313027844,49957.032258064515,09-02-2025
Spectral spirit shield,5,1540747,154616078,0.9964985659512072,308149.4,08-31-2025
Red chinchompa,36,1539518,129372630,1.1899874030542628,42764.38888888889,09-02-2025
Zamorak godsword,7,1512701,125165430,1.208561341578102,216100.14285714287,08-29-2025
Antler guard,27,1512409,98224102,1.5397534507365616,56015.148148148146,08-31-2025
Crystal armour seed,17,1510045,406209003,0.37174089910557695,88826.17647058824,09-02-2025
Dragon hunter crossbow,11,1494840,502259000,0.29762333776000033,135894.54545454544,08-31-2025
Noxious halberd,7,1494059,439579193,0.3398839216668747,213437,08-28-2025
Snape grass seed,54,1454901,64274555,2.2635722643276175,26942.61111111111,09-02-2025
Bandos godsword,12,1451231,369226283,0.39304650476358427,120935.91666666667,09-02-2025
Magic logs,26,1443391,173655515,0.8311806279230463,55515.03846153846,09-02-2025
Ghrazi rapier,9,1427667,330167738,0.4324065726857904,158629.66666666666,09-01-2025
Diamond bolts (e),39,1410503,48095491,2.9327135884733977,36166.743589743586,09-02-2025
Stamina potion(4),30,1400588,314645718,0.4451317529132877,46686.26666666667,09-02-2025
Brimstone ring,16,1399914,193231145,0.7244763777599103,87494.625,09-02-2025
Oathplate chest,4,1372135,275206335,0.49858408964313994,343033.75,09-02-2025
Bow of faerdhinen (inactive),2,1318470,242234064,0.5442958674879022,659235,08-29-2025
Masori chaps,6,1288017,185644185,0.6938095044560647,214669.5,08-29-2025
Mahogany logs,47,1283159,114441746,1.121233330361807,27301.255319148935,08-29-2025
Oathplate helm,2,1282771,124257371,1.032350024530939,641385.5,08-30-2025
Amethyst arrow,48,1278674,93711852,1.3644741542403835,26639.041666666668,09-02-2025
Amulet of eternal glory,4,1270772,163093157,0.7791694166543113,317693,08-26-2025
Ruby bolts,7,1267163,8715856,14.538594946956444,181023.2857142857,08-28-2025
Berserker ring,19,1254447,455703997,0.27527671652175567,66023.52631578948,08-31-2025
Masori body,5,1244111,209952358,0.5925682435059862,248822.2,08-29-2025
Pharaoh's sceptre (uncharged),11,1235761,72224132,1.7110084479796863,112341.90909090909,09-01-2025
Ancient godsword,4,1234133,154971691,0.7963602849245544,308533.25,09-02-2025
Virtus robe top,5,1198439,262091216,0.45726026926442276,239687.8,09-01-2025
Masori mask (f),9,1181404,175783455,0.6720791783276759,131267.11111111112,09-02-2025
Gold bar,60,1160299,58656892,1.978111966791558,19338.316666666666,09-02-2025
Ring of dueling(8),24,1152858,39606215,2.910800741752273,48035.75,08-29-2025
Necklace of anguish,14,1150589,504259970,0.2281737731432459,82184.92857142857,09-01-2025
Iron ore,59,1148675,62709576,1.831737787543006,19469.06779661017,08-31-2025
Voidwaker,11,1147597,467996721,0.24521475226318948,104327,09-01-2025
Justiciar armour set,7,1144339,230938335,0.49551712581629204,163477,09-01-2025
Volatile orb,4,1136931,163029029,0.6973794832575492,284232.75,09-02-2025
Osmumten's fang,9,1086347,314869868,0.3450145950453411,120705.22222222222,09-01-2025
Ultor ring,1,1084432,133867921,0.8100760749096865,1084432,09-01-2025
Shark,25,1074609,126543026,0.8492044437122912,42984.36,08-31-2025
Confliction gauntlets,2,1071117,217400180,0.4926937043014408,535558.5,08-28-2025
Dinh's bulwark,11,1069582,225907771,0.47345958718702064,97234.72727272728,08-29-2025
Nightmare staff,12,1053808,351371976,0.29991236409815447,87817.33333333333,08-29-2025
Virtus robe bottom,10,1053051,335479023,0.31389473791331507,105305.1,09-02-2025
Mithril dart tip,34,1042148,50541960,2.0619461532556316,30651.41176470588,08-28-2025
Twinflame staff,11,1035177,179813621,0.5756944297339966,94107,08-28-2025
Monkfish,16,1015815,41704005,2.435773254870845,63488.4375,09-02-2025
Ranging potion(4),19,1005649,95242595,1.0558815622358881,52928.89473684211,09-02-2025
Super restore(4),14,997982,253022041,0.3944249267991637,71284.42857142857,09-02-2025
Sanfew serum(4),30,994017,281024429,0.35371195434401187,33133.9,08-31-2025
Saradomin brew(4),19,974461,239208731,0.4073684919134494,51287.42105263158,09-02-2025
Toxic blowpipe (empty),16,964658,311877439,0.3093067594414869,60291.125,09-02-2025
Pegasian boots,12,961488,456904009,0.21043544837883005,80124,09-02-2025
Sanguinesti staff (uncharged),10,957776,375849153,0.25482989448163,95777.6,09-02-2025
Twisted buckler,12,957569,263262439,0.36373172095393375,79797.41666666667,08-29-2025
Dragon knife,10,935237,107401360,0.8707869248583072,93523.7,09-02-2025
Eternal boots,12,929332,94843332,0.9798601339733615,77444.33333333333,09-01-2025
Abyssal whip,19,904126,286085920,0.3160330295178455,47585.57894736842,09-02-2025
Snapdragon seed,16,880440,156463184,0.5627138458335349,55027.5,09-01-2025
Archers ring,20,875912,179204518,0.4887778554779517,43795.6,09-02-2025
Lava dragon bones,17,865875,106336121,0.8142811603970395,50933.82352941176,09-02-2025
Divine super combat potion(4),13,865525,126094206,0.6864113962540039,66578.84615384616,08-31-2025
Amulet of rancour,3,839682,223478567,0.3757326759661923,279894,08-29-2025
Dragon hunter lance,2,833489,117480417,0.7094705835101011,416744.5,08-21-2025
Ring of wealth (5),7,808887,50244374,1.6099056184877534,115555.28571428571,08-16-2025
Red spiders' eggs,9,803925,13138797,6.118710868278123,89325,08-23-2025
Tormented bracelet,8,800810,208671329,0.3837661857226203,100101.25,08-29-2025
Ring of suffering,16,793005,324506479,0.24437262468340426,49562.8125,09-01-2025
Blighted anglerfish,24,792035,23666887,3.3465956042296567,33001.458333333336,09-02-2025
Unpowered orb,44,790640,27996079,2.8241097619420206,17969.090909090908,08-31-2025
Huasca seed,18,784110,37192188,2.108265316361597,43561.666666666664,09-02-2025
Dragonstone bolts (e),13,783315,44260378,1.769788319476169,60255,08-28-2025
Yew logs,42,772659,88960878,0.8685379656437293,18396.64285714286,09-01-2025
Uncut ruby,8,738592,40592826,1.819513625387895,92324,09-02-2025
Primordial boots,9,735733,217717743,0.3379297386892349,81748.11111111111,09-02-2025
Masori mask,10,731078,91805834,0.7963306558491697,73107.8,08-29-2025
Anguish ornament kit,10,729338,99909988,0.7299950831742669,72933.8,09-02-2025
Wilderness crabs teleport,30,722795,62860721,1.1498356819674405,24093.166666666668,09-01-2025
Aranea boots,16,714810,181858174,0.39305904391187824,44675.625,09-02-2025
Oathplate legs,2,697494,137976305,0.5055172335568778,348747,09-02-2025
Dual macuahuitl,9,695641,224906704,0.3093020295206496,77293.44444444444,08-28-2025
Ancient wyvern shield,4,693092,121518226,0.5703605317608899,173273,09-02-2025
Kwuarm seed,24,692033,6047179,11.443898055605763,28834.708333333332,08-20-2025
Burning claws,12,673507,103688187,0.6495503677771894,56125.583333333336,09-02-2025
Ankou mask,2,667335,21853346,3.053697131780186,333667.5,08-14-2025
Mahogany plank,7,663785,92503368,0.7175792777620811,94826.42857142857,09-02-2025
Hydra leather,9,663543,143255745,0.46318770671291404,73727,08-31-2025
Armadyl godsword,15,651859,270087923,0.2413506656497188,43457.26666666667,09-01-2025
Ranger boots,3,651417,113309769,0.574899239270358,217139,08-27-2025
Blighted manta ray,27,635396,39082258,1.6257914268924791,23533.185185185186,08-29-2025
Toxic staff (uncharged),15,610660,223291859,0.27348063773341597,40710.666666666664,09-01-2025
Inquisitor's armour set,1,605302,119218049,0.5077268124057289,605302,08-31-2025
Adamant bolts,32,595847,26901053,2.2149579051793995,18620.21875,09-02-2025
Raw shark,12,593937,58154899,1.0213017479404443,49494.75,08-25-2025
Vial of blood,14,593561,104602711,0.5674432281205408,42397.21428571428,08-30-2025
Odium ward,11,582205,69113002,0.8423957622329876,52927.72727272727,09-02-2025
Adamant dart tip,19,576255,48447522,1.189441639553825,30329.21052631579,08-31-2025
Dragon dart,10,565904,73498769,0.769950310324245,56590.4,08-27-2025
Lantadyme,8,562524,23196844,2.425002297726363,70315.5,08-23-2025
Inquisitor's plateskirt,2,558756,112591327,0.49626913092515557,279378,08-29-2025
Armadyl chainskirt,3,556190,88848063,0.6260012669043781,185396.66666666666,09-02-2025
Divine ranging potion(4),18,553399,74506529,0.7427523566424629,30744.38888888889,09-02-2025
Harralander potion (unf),13,541076,21744262,2.488362217121924,41621.230769230766,09-01-2025
Arcane sigil,1,540553,132381642,0.4083292757465571,540553,08-27-2025
Chinchompa,13,537234,23746329,2.2623875884141924,41325.692307692305,08-21-2025
Elidinis' ward,17,532586,117566579,0.4530079930283588,31328.58823529412,09-02-2025
Teleport to house,45,528927,204059073,0.2592028828828405,11753.933333333332,09-02-2025
Raw manta ray,8,522340,22706851,2.300363004980303,65292.5,09-02-2025
Trouver parchment,17,519306,102913743,0.5046031607265513,30547.41176470588,08-28-2025
Warrior ring,19,518105,4933878,10.500969014637167,27268.684210526317,08-14-2025
Oak plank,20,514618,59489095,0.8650627480549166,25730.9,08-26-2025
Zombie axe,13,513743,43770528,1.1737189919207738,39518.692307692305,08-30-2025
Rune dart,15,511640,27504177,1.860226539408905,34109.333333333336,08-30-2025
Blighted super restore(4),13,510190,35954957,1.41896985163965,39245.38461538462,09-02-2025
Eclectic impling jar,15,493743,99002210,0.4987191700064069,32916.2,09-02-2025
Sunfire splinters,12,489357,21184497,2.3099769609823637,40779.75,09-02-2025
Serpentine helm (uncharged),13,488963,90660887,0.53933180689044,37612.53846153846,08-29-2025
Zamorakian hasta,12,482993,28094364,1.719181114048355,40249.416666666664,08-23-2025
Blighted karambwan,19,477956,11595768,4.121814096315139,25155.57894736842,08-23-2025
Dharok's armour set,20,468903,183576440,0.2554265678101177,23445.15,09-01-2025
Cooked karambwan,11,461165,32138383,1.4349352921707355,41924.09090909091,08-27-2025
Armadyl helmet,7,459162,69132668,0.6641751479922633,65594.57142857143,09-01-2025
Ankou top,3,445781,63572812,0.701213279664269,148593.66666666666,08-24-2025
Grapes,18,444111,16738482,2.653233429411341,24672.833333333332,09-01-2025
Essence impling jar,15,435491,15616216,2.78871014591499,29032.733333333334,09-02-2025
Lava rune,25,427920,6520484,6.562703014070735,17116.8,08-12-2025
Saradomin godsword ornament kit,1,423566,10680911,3.9656355155473157,423566,08-25-2025
Molten glass,23,423425,14915947,2.8387403092810666,18409.782608695652,08-19-2025
Mage's book,8,415329,39865394,1.0418284088701093,51916.125,08-20-2025
Ruby bolts (e),17,410667,9383167,4.3766353087395755,24156.882352941175,08-17-2025
Aether catalyst,9,404974,11094518,3.6502171613043486,44997.11111111111,08-14-2025
Uncharged toxic trident (e),4,402351,26916773,1.4947965716395497,100587.75,08-31-2025
Armadyl crossbow,3,395372,87553178,0.4515792676309248,131790.66666666666,08-27-2025
Accursed sceptre (u),11,395082,41421227,0.9538152986148865,35916.545454545456,09-02-2025
Teak logs,12,392517,13759303,2.852738979583486,32709.75,08-29-2025
Dark crab,15,392342,36865365,1.0642563826507618,26156.133333333335,09-02-2025
Mithril bar,10,391684,57270324,0.6839213970572263,39168.4,08-23-2025
Diamond dragon bolts (e),7,389494,43510555,0.8951712980907736,55642,08-29-2025
Bones to peaches,21,387699,9868457,3.9286688891687933,18461.85714285714,08-29-2025
Forgotten brew(4),17,378814,15807744,2.396382431294434,22283.176470588234,09-02-2025
Trailblazer reloaded blowpipe ornament kit,5,362063,15685477,2.3082689802802934,72412.6,08-31-2025
Occult necklace,24,360989,39791659,0.9071976617009108,15041.208333333334,08-28-2025
Venator ring,3,353032,148046703,0.23845988653999275,117677.33333333333,09-02-2025
Extended anti-venom+(4),12,349934,34406859,1.0170472114295583,29161.166666666668,08-29-2025
Black chinchompa,3,349689,69586000,0.5025278073175639,116563,09-02-2025
Irit potion (unf),7,348719,11467999,3.040800753470592,49817,08-28-2025
White berries,12,348612,13310363,2.61910212366109,29051,08-15-2025
Harmonised orb,1,344596,161011477,0.21401952607390837,344596,09-02-2025
Accursed sceptre (au),9,344535,30363962,1.1346839388087762,38281.666666666664,08-29-2025
Bow string,16,338500,10684250,3.168214895757774,21156.25,08-26-2025
Dragon javelin heads,2,338137,7536583,4.4866088517833616,169068.5,08-23-2025
Ring of the gods,12,334995,17674727,1.8953333762948645,27916.25,08-26-2025
Bellator ring,2,332822,73443122,0.4531697331712015,166411,09-01-2025
Dragon crossbow,19,330342,147739442,0.22359770385487174,17386.42105263158,09-02-2025
Rangers' tunic,7,329267,36058337,0.9131508200170186,47038.142857142855,08-22-2025
Divine bastion potion(4),6,315541,30936230,1.019972375431654,52590.166666666664,08-26-2025
Snape grass,7,300787,24109113,1.2476070770417809,42969.57142857143,08-28-2025
Eclipse atlatl,13,297787,64085940,0.46466822519885015,22906.69230769231,08-31-2025
Zaryte vambraces,1,297008,90770056,0.3272092285588102,297008,08-30-2025
Quetzal feed,13,296004,5711730,5.1823878229538165,22769.53846153846,08-11-2025
Vile ashes,20,291719,1717311,16.986963922085167,14585.95,08-14-2025
Dragon claws,3,286717,166055389,0.17266347194549644,95572.33333333333,09-01-2025
Earth impling jar,13,283902,11724303,2.421482965767773,21838.615384615383,08-24-2025
Dragon felling axe,9,282518,19093313,1.479669871855136,31390.88888888889,08-29-2025
Smoke rune,12,281041,6962267,4.036630597476368,23420.083333333332,09-02-2025
Varrock teleport,17,278595,24624060,1.1313934420237768,16387.941176470587,08-15-2025
Zamorak d'hide boots,9,273841,4987861,5.490148983702634,30426.777777777777,08-14-2025
Ruby dragon bolts (e),6,273045,24880835,1.0974109188859618,45507.5,08-31-2025
Impling jar,5,260981,22363055,1.167018549120413,52196.2,08-08-2025
Steel dart tip,7,259350,5577655,4.649803546472487,37050,08-11-2025
Uncharged toxic trident,9,259194,52929039,0.4897009371358509,28799.333333333332,09-02-2025
Willow longbow (u),14,258895,3111065,8.321748340198614,18492.5,08-31-2025
Ring of endurance (uncharged),3,258024,29488997,0.8749839813134369,86008,08-22-2025
Blood essence,9,255446,18331313,1.3934953813728455,28382.88888888889,08-10-2025
Seers ring,16,250909,40042751,0.6266028025896623,15681.8125,09-02-2025
Dragonfire ward,4,249678,56844754,0.43922786612815673,62419.5,09-01-2025
Dragon arrow(p++),5,247319,12473883,1.9826945627115469,49463.8,08-26-2025
Amulet of glory(6),14,244703,134035743,0.18256548180584933,17478.785714285714,09-02-2025
Adamant arrow,11,242000,5423000,4.462474645030426,22000,09-02-2025
Bracelet of slaughter,12,235835,7802324,3.0226250537660317,19652.916666666668,08-22-2025
Maple longbow (u),15,227634,12207050,1.8647748637058092,15175.6,08-31-2025
Flared trousers,4,225911,11359422,1.9887543573960011,56477.75,08-30-2025
Divine magic potion(4),17,224701,7879734,2.8516317936620705,13217.70588235294,09-02-2025
Blood moon chestplate,6,217265,45577404,0.4766945480264738,36210.833333333336,08-29-2025
Granite maul,5,216553,23636254,0.9161900189429341,43310.6,08-31-2025
Bryophyta's staff (uncharged),2,215614,19175928,1.1243992989543974,107807,08-21-2025
Dragon dart tip,2,208865,16012550,1.3043831244867308,104432.5,08-26-2025
Ardougne teleport,22,207865,8737379,2.3790315150573185,9448.40909090909,08-16-2025
Abyssal dagger (p++),6,207567,38237999,0.5428291370581395,34594.5,08-25-2025
Malediction ward,7,207080,16436350,1.259890425794048,29582.85714285714,08-25-2025
Bandos godsword ornament kit,2,206703,7826026,2.6412255722125124,103351.5,08-18-2025
Master wand,9,204496,22196990,0.9212780651791076,22721.777777777777,08-25-2025
Berserker necklace,5,200506,27026944,0.7418744790383995,40101.2,08-15-2025
Ahrim's armour set,4,199592,14412833,1.3848214296245573,49898,08-14-2025
Justiciar legguards,3,198266,26467411,0.749094801905634,66088.66666666667,08-25-2025
Falador teleport,17,195845,10226623,1.9150505499224917,11520.29411764706,08-22-2025
Blue moon tassets,5,192843,15131275,1.274466295801246,38568.6,08-09-2025
Occult ornament kit,7,189495,27811661,0.6813508909086732,27070.714285714286,09-01-2025
Dragonstone dragon bolts (e),8,188589,11231122,1.6791643791243653,23573.625,08-22-2025
Raw summer pie,2,186567,5394857,3.4582380960236763,93283.5,08-21-2025
Bandos d'hide boots,9,186418,3411445,5.464487922273406,20713.11111111111,08-08-2025
Dragon boots,11,184753,36274604,0.5093177585067503,16795.727272727272,08-25-2025
Eclipse moon chestplate,7,183858,11372790,1.6166481575761091,26265.428571428572,08-17-2025
Rune knife,3,182572,3683564,4.956395490888715,60857.333333333336,08-22-2025
Blighted entangle sack,12,180648,3542439,5.099537352654485,15054,08-20-2025
Robin hood hat,10,177590,19813818,0.8962936875669294,17759,08-21-2025
Sunfire fanatic cuirass,8,174766,20433407,0.8552954482823153,21845.75,08-28-2025
Zombie pirate key,3,173129,4630554,3.738839888272548,57709.666666666664,08-17-2025
Redwood logs,5,170646,14547775,1.173004119186611,34129.2,08-29-2025
Lobster,6,169368,4681594,3.6177421621780956,28228,08-03-2025
Lumbridge teleport,14,167980,5620494,2.988705263274011,11998.57142857143,08-13-2025
Anglerfish,7,161109,37262098,0.43236695904777017,23015.571428571428,08-26-2025
Diamond,2,160616,26523836,0.6055534350310415,80308,09-01-2025
Dragon harpoon,5,157020,19901361,0.7889912654717434,31404,08-31-2025
Dragon pickaxe,5,153855,15610485,0.9855875714303559,30771,08-15-2025
Runite bolts (unf),3,153390,2539812,6.039423390392675,51130,08-15-2025
Cape of skulls,2,144234,9340438,1.544188827119242,72117,08-23-2025
Obsidian helmet,8,143691,13110472,1.0960017305250338,17961.375,08-08-2025
Bottomless compost bucket,5,142922,12396261,1.152944424129179,28584.4,08-22-2025
Amulet of avarice,6,138933,8287664,1.6763831159178268,23155.5,08-14-2025
Dark bow,5,136961,8613493,1.5900750137023387,27392.2,08-11-2025
Moonlight antler bolts,5,136155,2504901,5.435544159230245,27231,08-18-2025
Chromium ingot,11,135372,1040535,13.009845896582048,12306.545454545454,08-05-2025
Uncut diamond,3,134148,29687699,0.45186391845322876,44716,09-02-2025
Sunfire fanatic armour set,1,132918,9098505,1.4608773639185777,132918,08-08-2025
Burnt page,9,132624,21136004,0.6274790636867782,14736,08-28-2025
Cadantine potion (unf),4,131200,16032035,0.8183614868605265,32800,08-08-2025
Dragon javelin,5,127459,2962697,4.302127419712512,25491.8,08-28-2025
Smouldering stone,3,122958,8226063,1.4947369112052753,40986,08-15-2025
Cadantine seed,5,120857,958286,12.611788130057205,24171.4,08-06-2025
Armadyl chestplate,4,120793,161183306,0.07494138381799913,30198.25,08-31-2025
Dragon dagger(p++),10,120214,3259493,3.688119594059567,12021.4,08-22-2025
Tuna potato,10,119695,11016725,1.0864844134713356,11969.5,08-27-2025
Iron dart,10,118929,315928,37.64433668430782,11892.9,08-05-2025
Gold ore,7,117968,21245568,0.5552593369120562,16852.571428571428,08-31-2025
Verac's plateskirt,9,116552,3373527,3.454900464706522,12950.222222222223,08-06-2025
Soiled page,6,114598,3661872,3.1294922378499304,19099.666666666668,08-25-2025
Onyx,3,113641,9452070,1.202286906465991,37880.333333333336,08-05-2025
Trailblazer reloaded bulwark ornament kit,1,112580,5345436,2.1060957422369286,112580,09-01-2025
Blood moon helm,7,111754,10198105,1.0958310391979686,15964.857142857143,08-13-2025
Mixed hide top,8,110841,2049079,5.409308279475804,13855.125,08-08-2025
Magic longbow (u),8,110242,50532919,0.21815878081375034,13780.25,09-01-2025
Guthix d'hide body,11,109488,2064138,5.304296515058586,9953.454545454546,08-05-2025
Zul-andra teleport,3,108375,7276242,1.489436442603201,36125,08-20-2025
Blue moon spear,8,107460,2430031,4.4221658077613,13432.5,08-08-2025
Swift blade,1,107007,5117800,2.090878893274454,107007,08-16-2025
Ahrim's robetop,5,103583,16237584,0.6379212572510787,20716.6,08-26-2025
Chugging barrel (disassembled),2,103096,12465944,0.8270212027264041,51548,08-18-2025
Obsidian cape,5,101375,8028681,1.2626607035452024,20275,08-12-2025
Amylase crystal,3,101196,8874603,1.1402876275141547,33732,08-13-2025
Eclipse moon tassets,4,101171,6057112,1.6702844523924933,25292.75,08-29-2025
Harralander,6,99578,4088307,2.435678142566104,16596.333333333332,08-19-2025
Justiciar faceguard,2,99331,24388340,0.40728889297098536,49665.5,08-29-2025
Tome of fire (empty),4,99041,11618203,0.8524640170256966,24760.25,08-27-2025
Sea turtle,7,98317,5769241,1.7041583112925944,14045.285714285714,08-12-2025
Obsidian platebody,3,97653,7986840,1.2226737983983653,32551,08-08-2025
Superantipoison(4),7,96864,2356814,4.109955219206946,13837.714285714286,08-14-2025
Fenkenstrain's castle teleport,18,96682,2777382,3.48104797971615,5371.222222222223,08-26-2025
Abyssal dagger,3,96292,8905707,1.0812392547834777,32097.333333333332,08-18-2025
Salve graveyard teleport,6,95336,3383967,2.8172851567405948,15889.333333333334,08-20-2025
Swampbark legs,11,94239,748177,12.595816230651302,8567.181818181818,08-04-2025
Elder chaos hood,2,93032,1446462,6.43169333172942,46516,08-03-2025
Toktz-ket-xil,4,91871,5788299,1.587184767061964,22967.75,08-14-2025
Supercompost,7,91155,137220,66.42982072584172,13022.142857142857,08-01-2025
Craw's bow (u),3,89474,43574567,0.20533537372844118,29824.666666666668,08-25-2025
Aldarium,3,89279,13108961,0.6810532123789215,29759.666666666668,08-21-2025
Revenant cave teleport,8,89051,2983449,2.9848339958216146,11131.375,08-09-2025
Ahrim's robeskirt,4,88952,14286681,0.6226218671782481,22238,08-17-2025
Obsidian armour set,3,85934,7687428,1.1178511200365064,28644.666666666668,08-10-2025
Dragon arrow,10,85887,20345669,0.42213898201135586,8588.7,09-02-2025
Guthix d'hide boots,6,84696,3967237,2.1348863201265766,14116,08-14-2025
Guam potion (unf),7,84564,1765872,4.788795563891381,12080.57142857143,08-16-2025
Broad bolts,4,83480,968615,8.618491351052791,20870,08-14-2025
Dragonstone ring,3,82474,5019356,1.6431191571189612,27491.333333333332,08-08-2025
Gourmet impling jar,4,82205,19097742,0.4304435571493216,20551.25,08-15-2025
Armadyl d'hide boots,4,82144,2834482,2.8980251065274008,20536,08-08-2025
Iron bar,5,81229,7169985,1.1329033463807805,16245.8,08-28-2025
Awakener's orb,3,79260,9192970,0.8621805575347249,26420,08-28-2025
Raw dark crab,3,77216,3397189,2.2729380084534596,25738.666666666668,08-04-2025
Sunfire fanatic helm,3,76003,5966916,1.2737400694093899,25334.333333333332,08-05-2025
Kraken tentacle,5,74721,6803012,1.0983517300866146,14944.2,08-13-2025
Rune crossbow,11,74265,1884714,3.9403856500243535,6751.363636363636,08-14-2025
Saradomin d'hide boots,5,73430,1983881,3.7013308761967076,14686,08-09-2025
Bloodbark boots,15,72829,1564813,4.654166344476944,4855.266666666666,08-03-2025
Cactus spine,2,71566,4036719,1.7728754466189,35783,08-09-2025
Ancient brew(4),5,69939,4168168,1.6779314077551577,13987.8,08-20-2025
Holy sandals,2,68005,1993443,3.411434387639877,34002.5,08-13-2025
Rangers' tights,3,67846,1428084,4.750840986944746,22615.333333333332,08-06-2025
Soaked page,7,66774,2683331,2.4884742135800617,9539.142857142857,08-29-2025
Divine super attack potion(4),7,65538,1031692,6.352477289733757,9362.57142857143,08-10-2025
Extended super antifire(4),6,64675,8603748,0.7517072791997161,10779.166666666666,08-22-2025
Ursine chainmace (u),10,64454,104960297,0.06140798172474684,6445.4,09-02-2025
Ancient d'hide boots,4,63606,2725767,2.3335083299489647,15901.5,08-11-2025
Steam rune,7,63491,2590829,2.4506055783689313,9070.142857142857,08-21-2025
Big bones,4,63352,1198931,5.284040532774614,15838,07-31-2025
Mystic smoke staff,3,63299,14665278,0.4316249579448818,21099.666666666668,08-14-2025
Boots of brimstone,8,63159,3603930,1.7525035169939485,7894.875,08-05-2025
Bandos boots,6,62772,1532453,4.096177827313465,10462,08-05-2025
Diamond bolts,2,62493,2405160,2.59828867933942,31246.5,08-28-2025
Mort myre fungus,4,62200,5488492,1.1332803254518728,15550,08-09-2025
Marrentill,6,61971,1254989,4.937971567878284,10328.5,08-05-2025
Pineapple pizza,4,61350,3150362,1.9473952517202784,15337.5,08-09-2025
Wyrmling bones,3,61231,519044,11.796880418615762,20410.333333333332,08-01-2025
Chasm teleport scroll,11,60972,4337306,1.405757398717084,5542.909090909091,08-03-2025
Saradomin godsword,4,60413,108983881,0.05543296811021072,15103.25,08-29-2025
Karil's leathertop,2,60201,3723534,1.616770519619265,30100.5,08-14-2025
Saradomin chaps,7,60048,1345429,4.463111765838256,8578.285714285714,08-02-2025
Guthan's chainskirt,5,59725,815549,7.3232877484982515,11945,08-09-2025
Young impling jar,2,59151,2677770,2.2089649223047534,29575.5,08-07-2025
Dagon'hai robe top,1,58825,1288776,4.56440839990813,58825,08-04-2025
Stale baguette,1,58372,626648,9.314958317907342,58372,08-21-2025
Mole claw,6,57916,703768,8.229416512259721,9652.666666666666,08-03-2025
Dragon sword,8,57225,2332148,2.4537465032236376,7153.125,08-14-2025
Baby impling jar,4,56995,2520545,2.2612173160963205,14248.75,09-01-2025
Wizard boots,5,56038,1727503,3.243872803694118,11207.6,08-04-2025
Sapphire dragon bolts (e),9,55972,7366037,0.759865854597255,6219.111111111111,08-18-2025
Bloodbark helm,10,55734,1809882,3.079427277579422,5573.4,08-01-2025
Crystal weapon seed,6,55455,7231595,0.7668432759301371,9242.5,08-13-2025
Torag's platelegs,6,54454,2212086,2.4616583622879036,9075.666666666666,08-06-2025
Torag's platebody,5,54066,1446867,3.7367636417168963,10813.2,08-05-2025
Blue moon helm,2,53828,862144,6.243504565362631,26914,08-05-2025
Magic fang,1,52459,3180542,1.6493729685066256,52459,08-31-2025
Mystic hat,13,52367,842539,6.215379940869206,4028.230769230769,07-30-2025
Dwarf cannon set,3,52062,5315202,0.9794924068737181,17354,08-06-2025
Combat bracelet(6),4,52028,3697258,1.4072050151761117,13007,08-14-2025
Drake bones,2,51584,2707372,1.9053162993485935,25792,08-12-2025
Kwuarm potion (unf),1,51465,2855955,1.8020241915576403,51465,08-03-2025
Phoenix necklace,6,51180,8529261,0.6000519857464791,8530,08-20-2025
Clockwork,5,51020,2424756,2.104129240220459,10204,07-31-2025
Antifire potion(4),7,50180,761549,6.589201745389989,7168.571428571428,08-01-2025
Echo virtus ornament kit,2,50178,870267,5.765816697634174,25089,08-04-2025
Swampbark body,8,50062,742542,6.741975538084041,6257.75,08-02-2025
West ardougne teleport,10,49764,571071,8.71415288116539,4976.4,07-30-2025
Dharok's platebody,4,49287,5345468,0.9220333935213906,12321.75,08-08-2025
Hueycoatl hide vambraces,5,47757,603980,7.907049902314646,9551.4,08-08-2025
Coconut,1,47628,3800034,1.2533572068039391,47628,08-25-2025
Shattered relics void ornament kit,2,47610,2918641,1.631238648398347,23805,08-18-2025
Camelot teleport,11,47508,1538516,3.0879106879616462,4318.909090909091,08-09-2025
Uncut emerald,1,47055,3397371,1.3850415512465373,47055,08-04-2025
Dagon'hai robe bottom,4,46928,2422968,1.9367981748004925,11732,08-06-2025
Heavy ballista,4,45929,7789642,0.5896163135610083,11482.25,08-09-2025
Brine sabre,3,45604,3809129,1.1972290778285535,15201.333333333334,08-05-2025
Dragonfire shield,2,45028,15295406,0.2943890472734101,22514,08-07-2025
Bloodbark body,5,44447,3164145,1.404708064895888,8889.4,08-05-2025
Yew sapling,3,44344,1623142,2.7319852483639755,14781.333333333334,08-11-2025
Armadyl d'hide body,4,44249,476984,9.276831088673834,11062.25,08-04-2025
Thammaron's sceptre (u),1,43362,3234986,1.340407655550905,43362,08-15-2025
Ring of the elements,2,43306,886162,4.886916839133251,21653,08-03-2025
Tome of water (empty),5,42521,1742923,2.439637321901197,8504.2,07-30-2025
Emerald,1,42204,3175851,1.3289036544850499,42204,08-18-2025
Spirit shield,1,42155,572272,7.366252411440713,42155,08-04-2025
Dodgy necklace,4,41554,2563580,1.6209363468274833,10388.5,08-31-2025
Mole skin,5,40245,591311,6.806063137672054,8049,07-30-2025
Zamorak chaps,4,39971,1229254,3.251646933831413,9992.75,08-08-2025
Karil's leatherskirt,6,39698,3146379,1.2617043274189155,6616.333333333333,08-11-2025
Iron dart tip,6,39342,560830,7.014959970044399,6557,07-31-2025
Dynamite,1,39087,2948806,1.3255195492684158,39087,08-13-2025
Ahrim's staff,3,39004,1182850,3.2974595257217736,13001.333333333334,08-04-2025
Stamina potion(1),3,38980,1199356,3.250077541613999,12993.333333333334,08-04-2025
Blue moon chestplate,1,38876,1951600,1.9920065587210494,38876,08-07-2025
Staff of the dead,2,38191,16094649,0.2372900459028339,19095.5,08-28-2025
Hueycoatl hide chaps,5,38039,1844865,2.06188528699932,7607.8,08-05-2025
Ruby,3,37776,3615746,1.044763653199091,12592,08-18-2025
Eclipse moon helm,3,37563,2040045,1.841282912876922,12521,08-06-2025
Hunter potion(4),6,37478,500036,7.495060355654393,6246.333333333333,08-11-2025
Grimy toadflax,3,37450,2654554,1.410783129670747,12483.333333333334,08-01-2025
Echo ahrim's ornament kit,2,36444,259083,14.06653466263707,18222,08-05-2025
Dragon chainbody,6,36307,5094770,0.7126327586917565,6051.166666666667,08-22-2025
Saradomin d'hide body,7,36065,970818,3.714908458640034,5152.142857142857,08-02-2025
Elder chaos top,2,35629,1211939,2.9398344306107815,17814.5,08-03-2025
Amethyst broad bolts,5,35280,697396,5.058818805958165,7056,07-30-2025
Ape atoll teleport,8,35021,434318,8.06344659903573,4377.625,08-11-2025
Mist rune,1,34878,1127722,3.0927835051546393,34878,08-20-2025
Papaya fruit,2,34424,2337876,1.47244764050788,17212,08-16-2025
Devout boots,3,34312,3379388,1.0153317701311597,11437.333333333334,08-06-2025
Shattered cannon ornament kit,3,33637,1572073,2.13965890896924,11212.333333333334,08-04-2025
Dharok's helm,4,33143,2082174,1.591749776915858,8285.75,08-04-2025
Dharok's greataxe,3,32840,9577275,0.34289503016254624,10946.666666666666,08-08-2025
Pest control teleport,5,32327,408467,7.914225628998181,6465.4,07-29-2025
Torture ornament kit,2,32046,314559,10.187595967688097,16023,08-01-2025
Toktz-xil-ak,3,31876,2443893,1.3043124228433896,10625.333333333334,08-05-2025
Emerald ring,2,30692,1425756,2.1526825066841733,15346,08-07-2025
Raw karambwan,5,30417,2607429,1.1665514190415156,6083.4,08-04-2025
Elder chaos robe,4,29799,1402371,2.1249013278226663,7449.75,08-05-2025
Divine super strength potion(4),3,29787,3020402,0.9861932285834799,9929,08-23-2025
Ancient staff,3,28501,2621404,1.0872417986697205,9500.333333333334,08-04-2025
Xerician top,2,28496,334136,8.52826394043144,14248,07-31-2025
Amulet of glory(4),3,28403,1785290,1.590946008771684,9467.666666666666,08-11-2025
Ancient chaps,4,28112,774178,3.6312062600590562,7028,07-31-2025
Uncut dragonstone,1,27265,4394544,0.6204284221525601,27265,08-25-2025
Holy blessing,2,27173,22630,120.07512152010604,13586.5,07-31-2025
Hueycoatl hide coif,3,26747,730935,3.6592857093996045,8915.666666666666,08-05-2025
Sunlight antler bolts,2,26688,409934,6.51031629481819,13344,07-29-2025
Dragon axe,4,26447,1504299,1.7580946341119685,6611.75,08-15-2025
Mystic set (blue),4,26323,1332624,1.9752758467504714,6580.75,08-05-2025
Dharok's platelegs,2,26308,2594142,1.0141310691550423,13154,08-05-2025
Mahogany bird house,5,26088,146811,17.769785642765186,5217.6,07-31-2025
Armadyl chaps,5,25937,1057331,2.453063421010072,5187.4,08-05-2025
Dragon platebody,1,25488,2394221,1.0645633799051968,25488,08-06-2025
Teak bird house,1,25224,20352,123.93867924528301,25224,07-29-2025
Sarachnis cudgel,6,24986,1495303,1.6709656838781168,4164.333333333333,08-07-2025
Tarromin potion (unf),3,24811,1188498,2.087592911388997,8270.333333333334,08-19-2025
Rune dart tip,1,24800,809190,3.0647931882499786,24800,08-06-2025
Bandos cloak,3,24649,226188,10.897571931313776,8216.333333333334,07-30-2025
Bloodbark legs,3,24024,1527411,1.5728576002136947,8008,08-05-2025
Guthan's warspear,3,23721,512833,4.625482369504303,7907,08-05-2025
Mixed hide boots,8,23664,328588,7.201723739150548,2958,08-01-2025
Spiked manacles,2,22884,1386756,1.6501821517267639,11442,08-10-2025
Strawberries(5),4,22817,41273,55.283114869285,5704.25,07-29-2025
Steel arrowtips,3,22797,256871,8.87488272323462,7599,08-06-2025
Hydra tail,1,22675,96970,23.383520676497884,22675,07-29-2025
Dragon pickaxe upgrade kit,1,22581,565332,3.9942900808728323,22581,08-04-2025
Leaf-bladed battleaxe,5,22577,852796,2.647409227998255,4515.4,08-01-2025
Strange old lockpick (full),4,22340,410175,5.446455781069056,5585,08-03-2025
Infinity boots,2,22323,2019184,1.1055456065420486,11161.5,08-06-2025
Burning amulet(5),2,22215,879917,2.5246699404602935,11107.5,08-09-2025
Spider cave teleport,3,21875,8571983,0.25519182667534457,7291.666666666667,08-08-2025
Guthan's platebody,2,21177,371890,5.6944257710613355,10588.5,08-01-2025
Summer pie,3,20730,901242,2.3001591137563495,6910,08-09-2025
Granite hammer,2,20713,2746871,0.7540579808807912,10356.5,08-08-2025
Ahrim's hood,2,20168,460340,4.3811096146326625,10084,08-07-2025
Digsite teleport,2,20048,218822,9.161784464084963,10024,07-29-2025
Mixed hide cape,2,19950,443742,4.495855699933745,9975,08-04-2025
Tarromin,4,19563,1804406,1.0841795028391614,4890.75,08-20-2025
Hueycoatl hide body,1,19009,366050,5.193006419887993,19009,07-29-2025
Air orb,4,18771,25893758,0.07249237441703132,4692.75,08-18-2025
Khazard teleport,7,18029,67381,26.756800878585953,2575.5714285714284,07-29-2025
Super combat potion(3),1,17748,1115775,1.590643274853801,17748,08-01-2025
Soft clay,2,17674,1537853,1.149264591609211,8837,09-02-2025
Bandos chaps,3,16362,527450,3.102094985306664,5454,08-04-2025
Barrows teleport,4,16329,772445,2.113936914602334,4082.25,08-16-2025
Guthan's armour set,2,15890,1464542,1.0849808335984903,7945,08-04-2025
Ornate maul handle,3,15529,8047640,0.192963402935519,5176.333333333333,08-09-2025
Verac's armour set,2,15490,1192718,1.298714365004972,7745,08-01-2025
Mithril arrowtips,1,14864,76178,19.51219512195122,14864,08-08-2025
Gold seal,1,14540,80697,18.01801801801802,14540,07-31-2025
Cooked moonlight antelope,3,14510,854947,1.697181228777924,4836.666666666667,08-01-2025
Trident of the seas (full),2,14334,1342097,1.0680301051265295,7167,08-15-2025
Leather,1,14094,610740,2.307692307692308,14094,08-02-2025
Super combat potion(1),3,13512,439504,3.0743747497178635,4504,07-30-2025
Mystic gloves,6,13152,149300,8.809109176155392,2192,07-29-2025
Splitbark legs,4,12320,207947,5.924586553304448,3080,08-01-2025
Ranger gloves,1,12289,628223,1.9561525127223933,12289,08-01-2025
Mind altar teleport,8,12229,188236,6.496631887630421,1528.625,08-13-2025
Anti-venom+(4),2,12051,756557,1.5928740332850004,6025.5,08-04-2025
Raw anglerfish,1,12032,549712,2.188782489740082,12032,08-04-2025
Obsidian platelegs,1,11906,1761962,0.6757239940475448,11906,08-02-2025
Helm of neitiznot,3,11792,1817804,0.6486947987791863,3930.6666666666665,08-28-2025
Maple sapling,2,11706,200372,5.8421336314455115,5853,07-30-2025
Extended antifire(4),1,11592,94248,12.299465240641712,11592,08-01-2025
Calcified moth,1,11532,187884,6.137829724723766,11532,08-11-2025
Diabolic worms,1,11444,5700219,0.20076421625204224,11444,08-05-2025
Archer helm,1,11189,52859,21.167634650674437,11189,08-05-2025
Ninja impling jar,1,10988,1446840,0.7594481767161538,10988,08-04-2025
Lantadyme seed,1,10980,2160,508.3333333333333,10980,07-28-2025
Magic longbow,1,10857,1200192,0.9046052631578948,10857,07-31-2025
Rune halberd,1,10786,832590,1.2954755642032694,10786,08-02-2025
Grimy harralander,3,10615,729185,1.4557348272386295,3538.3333333333335,07-30-2025
Raw monkfish,1,10332,197292,5.236907730673317,10332,08-13-2025
Mort'ton teleport,1,10175,209022,4.867908641195664,10175,07-31-2025
Elemental talisman,1,10121,8180,123.72860635696821,10121,07-29-2025
Kebbit bolts,5,9709,97764,9.931058467329487,1941.8,07-29-2025
Black dragon leather,2,9550,1158012,0.8246892087474051,4775,07-31-2025
Adamant brutal,1,9500,168000,5.654761904761905,9500,08-21-2025
Dragon knife(p++),1,9206,1297280,0.7096386285150469,9206,08-03-2025
Bloodbark gauntlets,2,9122,126498,7.21118120444592,4561,08-01-2025
Combat potion(4),5,8219,72694,11.306297631166258,1643.8,07-29-2025
Bass,6,8129,70608,11.512859732608204,1354.8333333333333,07-28-2025
Avantoe seed,4,8082,7686,105.15222482435598,2020.5,07-28-2025
Guthix rest(4),4,8019,291841,2.7477290716520297,2004.75,07-31-2025
Mystic boots (dark),1,7795,93094,8.373257137946592,7795,07-30-2025
Ghorrock teleport,7,7716,45340,17.01808557565064,1102.2857142857142,07-29-2025
Maple bird house,2,7582,12841,59.04524569737559,3791,07-29-2025
Tai bwo wannai teleport,3,7494,124254,6.031194166787387,2498,07-29-2025
Ranging potion(1),3,7359,105395,6.982304663409081,2453,07-29-2025
Yanillian hops,4,7341,464514,1.5803614099897958,1835.25,08-01-2025
Apples(5),7,7179,42889,16.738557672130383,1025.5714285714287,07-28-2025
Saradomin sword,1,7112,201354,3.5320877658253624,7112,07-31-2025
Numulite,2,6872,80275,8.560573030208658,3436,08-06-2025
Magic shortbow scroll,1,6851,310817,2.2041908904596594,6851,08-05-2025
Prayer regeneration potion(4),2,6727,3311773,0.2031238252138658,3363.5,08-05-2025
Guam leaf,2,6448,254453,2.5340632651216533,3224,08-18-2025
Annakarl teleport,5,6188,877709,0.7050172665427835,1237.6,08-12-2025
Guthix chaps,1,6170,158406,3.8950544802595863,6170,07-29-2025
Mud rune,4,6154,197414,3.117306776621719,1538.5,08-13-2025
Lava battlestaff,1,6104,72048,8.4721296913169,6104,07-31-2025
Mahogany sapling,1,6048,14812,40.831758034026464,6048,07-28-2025
Chaos talisman,1,5769,109296,5.278326745718051,5769,08-01-2025
Dragon sq shield,1,5726,600720,0.9531895059262219,5726,07-31-2025
Dragon arrow(p+),3,5549,120132,4.619085672426997,1849.6666666666667,07-30-2025
Avantoe potion (unf),1,5469,222148,2.4618722653366225,5469,07-30-2025
Onyx dragon bolts (e),2,5454,235005,2.3208016850705304,2727,08-09-2025
Granite boots,1,5401,200186,2.697990868492302,5401,07-29-2025
Arceuus library teleport,4,5343,69811,7.653521651315695,1335.75,08-11-2025
Uncut red topaz,1,5280,61416,8.597108245408362,5280,07-31-2025
Zombie helmet,1,5010,185677,2.6982340300629586,5010,07-31-2025
Senntisten teleport,6,4914,44801,10.968505167295373,819,07-28-2025
Xerician hat,2,4789,72125,6.639861351819758,2394.5,07-28-2025
Basalt,1,4400,63624,6.915629322268327,4400,07-30-2025
Bounty supply crate (manta ray),1,4382,36953,11.858306497442697,4382,07-29-2025
Dragonstone bolts,1,4320,421740,1.0243277848911652,4320,07-30-2025
Bagged plant 1,2,4146,264115,1.5697707438047819,2073,07-31-2025
Swampbark helm,1,4092,36234,11.293260473588344,4092,07-29-2025
Cup of hot water,2,3945,20795,18.97090646790094,1972.5,07-28-2025
Monkey bar,1,3878,8176,47.43150684931507,3878,07-28-2025
Willow bird house,2,3857,13675,28.20475319926874,1928.5,07-29-2025
Barley seed,2,3765,22590,16.666666666666664,1882.5,07-29-2025
Piscatoris teleport,2,3745,132725,2.821623657939348,1872.5,07-30-2025
Ring of recoil,1,3515,511784,0.6868131868131868,3515,07-31-2025
Tormented ornament kit,1,3447,298821,1.1535333862077966,3447,08-03-2025
Blue d'hide vambraces,3,3276,23460,13.964194373401535,1092,07-28-2025
Glacial temotli,1,3265,73392,4.448713756267713,3265,07-31-2025
Iron arrowtips,4,3146,12191,25.805922401771795,786.5,07-28-2025
Battlefront teleport,3,3102,26718,11.6101504603638,1034,07-29-2025
Toadflax seed,1,2928,29616,9.886547811993516,2928,07-29-2025
Watchtower teleport,2,2882,25507,11.29885913670757,1441,07-29-2025
Watermelon seed,2,2845,2023,140.6327236777064,1422.5,07-28-2025
Feldip hills teleport,2,2778,24856,11.1763759253299,1389,07-28-2025
Water orb,2,2769,3022242,0.09162072395261531,1384.5,08-11-2025
Hunters' crossbow,2,2681,262,1023.2824427480915,1340.5,07-28-2025
Searing page,2,2659,51264,5.186875780274656,1329.5,07-28-2025
Unicorn horn dust,2,2631,41577,6.328017894508983,1315.5,07-29-2025
Mithril pickaxe,2,2558,18064,14.1607617360496,1279,07-29-2025
Granite body,1,2528,50313,5.02454633991215,2528,07-31-2025
Draynor manor teleport,1,2442,71742,3.403863845446182,2442,07-29-2025
Huasca potion (unf),1,2380,36392,6.539898878874478,2380,07-29-2025
Botanical pie,2,2286,5088,44.92924528301887,1143,07-28-2025
Amulet of strength,1,2250,151500,1.4851485148514851,2250,08-01-2025
Guthixian temple teleport,1,2216,20880,10.613026819923371,2216,07-29-2025
Tyrannical ring,2,2192,446736,0.49067010493893487,1096,07-31-2025
Oak bird house,2,2169,6079,35.68021056094752,1084.5,07-29-2025
Lassar teleport,2,2144,41328,5.18776616337592,1072,07-28-2025
Drift net,1,2106,33020,6.377952755905512,2106,07-29-2025
Colossal wyrm teleport scroll,1,1860,34330,5.418001747742499,1860,07-28-2025
Magic pyre logs,1,1840,66309,2.774887270204648,1840,07-29-2025
Potato with butter,2,1820,35518,5.124162396531337,910,07-29-2025
Waterskin(4),3,1778,11386,15.615668364658353,592.6666666666666,07-28-2025
Bones,1,1648,13596,12.121212121212121,1648,07-29-2025
Magic potion(4),2,1600,18720,8.547008547008547,800,07-28-2025
Adamant crossbow,1,1595,702,227.20797720797722,1595,07-28-2025
Fat snail,3,1575,6250,25.2,525,07-29-2025
Kharyrll teleport,2,1563,7632,20.479559748427672,781.5,07-28-2025
Limestone brick,3,1487,10871,13.678594425535827,495.6666666666667,07-28-2025
Sunlight moth mix (2),1,1485,23342,6.361922714420358,1485,07-29-2025
Lava scale shard,1,1394,6272,22.22576530612245,1394,07-28-2025
Amulet of chemistry,1,1380,24160,5.711920529801325,1380,07-29-2025
Black d'hide shield,1,1259,18385,6.847973891759588,1259,07-28-2025
Divine battlemage potion(4),1,1217,46820,2.599316531396839,1217,07-31-2025
Pie dish,2,1216,368,330.4347826086956,608,07-28-2025
Mystic boots,1,1197,16923,7.073213969154406,1197,08-08-2025
Babydragon bones,1,1176,11400,10.31578947368421,1176,07-28-2025
Mystic gloves (dark),1,1137,5574,20.398277717976317,1137,07-29-2025
Maple shortbow (u),2,1134,26842,4.224722449891961,567,07-29-2025
Limpwurt seed,2,1046,1954,53.53121801432958,523,07-28-2025
Carrallanger teleport,2,973,11930,8.15590947191953,486.5,07-28-2025
Sapphire bolts,2,933,4296,21.717877094972067,466.5,07-28-2025
Snakeskin bandana,4,931,2713,34.316255068190195,232.75,07-28-2025
Gianne dough,1,895,400,223.74999999999997,895,07-28-2025
Battlemage potion(4),1,894,62142,1.4386405329728686,894,07-29-2025
Snakeskin boots,1,885,1290,68.6046511627907,885,07-28-2025
Ranging potion(3),1,851,89976,0.9458077709611452,851,08-18-2025
Marrentill potion (unf),2,828,6927,11.953226504980512,414,07-29-2025
Efaritay's aid,1,716,6430,11.135303265940902,716,07-28-2025
Binding necklace,1,683,513190,0.1330891092967517,683,08-01-2025
Admiral pie,2,639,3899,16.38881764555014,319.5,07-28-2025
Bird house,1,636,1509,42.14711729622266,636,07-29-2025
Moonlight moth mix (2),1,615,14615,4.208005473828258,615,07-28-2025
Iron spit,1,602,646,93.18885448916409,602,07-28-2025
Belladonna seed,1,590,468,126.06837606837607,590,07-28-2025
Dragonfruit pie,1,586,8908,6.578356533453075,586,07-28-2025
Weapon poison(+),2,576,3100,18.580645161290324,288,07-28-2025
Moonclan teleport,1,572,2212,25.85895117540687,572,07-28-2025
Pineapple sapling,1,561,3509,15.987460815047022,561,07-28-2025
Bronze axe,1,560,574,97.5609756097561,560,07-28-2025
Mithril plateskirt,1,558,2763,20.195439739413683,558,07-29-2025
Bolt of cloth,1,528,7200,7.333333333333333,528,07-28-2025
Cemetery teleport,1,516,2258,22.852081488042515,516,07-28-2025
Wildblood seed,1,510,1581,32.25806451612903,510,07-28-2025
Stew,2,489,2982,16.398390342052313,244.5,07-28-2025
Amulet of defence,1,471,1692,27.836879432624112,471,07-28-2025
Dragon scale dust,3,454,2621,17.32163296451736,151.33333333333334,07-28-2025
Raw kyatt,2,450,1675,26.865671641791046,225,07-28-2025
Fishing potion(4),1,444,1644,27.00729927007299,444,07-28-2025
Strawberry seed,1,432,1620,26.666666666666668,432,07-28-2025
Mithril bolts,1,400,2950,13.559322033898304,400,08-04-2025
Apple sapling,1,384,492,78.04878048780488,384,07-28-2025
Amethyst dart tip,2,342,1823854,0.01875150094250965,171,07-31-2025
Bagged plant 3,1,313,11156,2.8056651129437076,313,07-30-2025
Antidote++(1),1,303,680,44.55882352941177,303,07-28-2025
Extended antifire(1),1,252,1022,24.65753424657534,252,07-28-2025
Dareeyak teleport,1,252,1312,19.20731707317073,252,07-28-2025
Guam seed,2,240,5340,4.49438202247191,120,07-29-2025
White lily seed,1,237,4003,5.920559580314764,237,07-29-2025
Agility potion(4),2,215,797,26.97616060225847,107.5,07-28-2025
Restore potion(4),2,207,421,49.16864608076009,103.5,07-28-2025
Oak longbow (u),1,192,480,40,192,07-28-2025
Waterbirth teleport,1,180,3200,5.625,180,07-29-2025
Stony basalt,1,176,999,17.61761761761762,176,07-28-2025
Longbow,1,156,144,108.33333333333333,156,07-28-2025
Tzhaar-ket-om,5,155,2526972,0.006133823406036949,31,08-02-2025
Uncut opal,1,141,17907,0.7874015748031495,141,07-29-2025
Olive oil(4),3,139,522,26.62835249042146,46.333333333333336,07-28-2025
Calcite,1,120,860,13.953488372093023,120,07-28-2025
Iron full helm,1,117,103,113.59223300970874,117,07-28-2025
Demonic tallow,1,104,1344,7.738095238095238,104,07-29-2025
Steel med helm,1,100,46,217.39130434782606,100,07-28-2025
Steel axe,1,95,125,76,95,07-28-2025
Blue firelighter,1,91,28,325,91,07-28-2025
Yanillian seed,1,88,264,33.33333333333333,88,07-28-2025
Chef's delight,1,82,326,25.153374233128833,82,07-28-2025
Beer,1,66,456,14.473684210526317,66,07-28-2025
Unlit torch,1,60,180,33.33333333333333,60,07-28-2025
Iron chainbody,1,58,108,53.70370370370371,58,07-28-2025
Attack potion(4),1,56,364,15.384615384615385,56,07-28-2025
Cadava berries,1,48,528,9.090909090909092,48,07-28-2025
Iron axe,2,48,186,25.806451612903224,24,07-28-2025
Asgarnian seed,1,48,120,40,48,07-28-2025
Opal,1,42,178,23.595505617977526,42,07-28-2025
Black cape,1,41,161,25.465838509316768,41,07-28-2025
Bag of salt,1,27,198,13.636363636363635,27,07-28-2025
Tomatoes(5),1,23,290,7.931034482758621,23,07-28-2025
Amethyst javelin,1,20,105,19.047619047619047,20,07-28-2025
Pot,2,20,430,4.651162790697675,10,08-11-2025
Chocolate bar,1,16,116,13.793103448275861,16,07-28-2025
Tinderbox,1,10,134,7.462686567164178,10,07-28-2025
Oak shortbow,1,4,22,18.181818181818183,4,07-28-2025
Feather,9,-9,27,-33.33333333333333,-1,08-27-2025
Potato with cheese,4,-112,6455,-1.735089078233927,-28,08-08-2025
Super energy(4),1,-315,102018,-0.3087690407575134,-315,07-30-2025
Berserker helm,1,-1558,157108,-0.9916745168928381,-1558,07-29-2025
Stamina potion(3),1,-1758,670476,-0.2622017790345963,-1758,07-31-2025
Pot of cream,1,-1990,3312,-60.08454106280193,-1990,07-28-2025
Iorwerth camp teleport,1,-2457,144558,-1.6996638027642883,-2457,07-30-2025
Dwarf weed potion (unf),2,-5078,316156,-1.6061691063905161,-2539,07-30-2025
Torstol potion (unf),4,-6498,1275754,-0.5093458456724416,-1624.5,08-20-2025
Smoke battlestaff,1,-12612,3402822,-0.3706335506235707,-12612,08-18-2025
Cadantine blood potion (unf),1,-14340,2498808,-0.5738736229434194,-14340,08-04-2025
Celastrus sapling,1,-15384,302802,-5.080547684625597,-15384,07-30-2025
Goading potion(4),2,-20947,1201668,-1.7431603404600937,-10473.5,07-31-2025
Abyssal bludgeon,3,-24111,84072627,-0.028678775554378713,-8037,08-26-2025
Sulphur blades,3,-29077,288498,-10.078752712323828,-9692.333333333334,08-01-2025
Antidote++(4),5,-33569,13333143,-0.2517710940323673,-6713.8,08-30-2025
Ancestral hat,1,-35142,64696777,-0.0543180072169592,-35142,08-23-2025
Bastion potion(4),6,-47219,13422380,-0.35179305011480827,-7869.833333333333,08-19-2025
Virtus mask,6,-54960,56542814,-0.09720068053210086,-9160,09-01-2025
Dagon'hai robes set,1,-55742,2978375,-1.8715574768120198,-55742,08-07-2025
Mithril seeds,1,-90646,3404739,-2.6623479802710284,-90646,08-18-2025
Justiciar chestguard,4,-108334,43715179,-0.2478178117490952,-27083.5,08-25-2025
Inquisitor's hauberk,3,-110121,133810335,-0.08229633383699399,-36707,08-30-2025
Crushed infernal shale,2,-126735,4726806,-2.681197408990341,-63367.5,08-10-2025
Manta ray,13,-150799,146443281,-0.1029743385768583,-11599.923076923076,08-31-2025
Dragonfruit sapling,3,-165062,13314594,-1.239707346690406,-55020.666666666664,08-10-2025
Blighted ancient ice sack,11,-176523,28754253,-0.6139022286546619,-16047.545454545454,08-30-2025
Sunfire fanatic chausses,5,-187890,16106358,-1.1665579518349214,-37578,09-01-2025
Opal dragon bolts (e),7,-327950,11350903,-2.889197449753557,-46850,09-02-2025
Rune pouch note,3,-385505,11552792,-3.336898993767048,-128501.66666666667,08-08-2025
Saturated heart,1,-460593,115511731,-0.39874131918255123,-460593,08-31-2025
Dexterous prayer scroll,5,-550607,180578205,-0.3049133199657179,-110121.4,09-02-2025
Blood moon tassets,10,-1078082,114490117,-0.9416376087728165,-107808.2,09-02-2025
