account_id,item_name,status,opened_quantity,spent,closed_quantity,received_post_tax,tax_paid,profit,opened_time,closed_time,updated_time,flip_hash
1000tomax,Goading potion(4),FINISHED,18,865080,18,842796,17190,-22284,2025-07-31T22:56:46Z,2025-08-01T01:40:59Z,2025-08-01T01:40:59Z,3c9ffe345d8d384f2a4d36d6de4bbef803c7e5a8d75cfa76adb3320f540af249
1000tomax,Clockwork,FINISHED,975,1219725,975,1245075,25350,25638,2025-07-31T23:21:42Z,2025-08-01T00:14:08Z,2025-08-01T00:14:08Z,532cd19275d6d5001ecf00d2aa021b275b31a6e43dd10a4c751fd11bb284cf8a
1000tomax,Seers ring,FINISHED,1,997333,1,1001147,20431,3814,2025-07-31T23:55:20Z,2025-08-01T00:05:32Z,2025-08-01T00:05:32Z,9672d730f7d9bb62ece59f14c939c644c07d5a40782697b3e00887aa446854c8
1000tomax,Big bones,FINISHED,3000,522000,3000,558000,9000,34790,2025-07-31T23:46:14Z,2025-08-01T00:03:27Z,2025-08-01T00:03:27Z,e238524ff964374c660a4c95d06dae1ea911942c699254f5b580cbdf36fca635
1000tomax,Phoenix necklace,FINISHED,622,1370888,622,1393280,27990,22392,2025-07-31T23:51:52Z,2025-07-31T23:59:03Z,2025-07-31T23:59:03Z,9103ce1a8186a37c392e22d2bae3908ed612aed928df7d32a38e48a074e0e6c0
1000tomax,Iron dart,FINISHED,7000,63000,7000,77000,0,14000,2025-07-31T23:24:55Z,2025-07-31T23:50:55Z,2025-07-31T23:50:55Z,074406b5c5eb801576cddc15a620fac161c2d44a0cc392f74e425a652844bca2
1000tomax,Sea turtle,FINISHED,1,944,1,960,19,16,2025-07-31T23:41:18Z,2025-07-31T23:49:14Z,2025-07-31T23:49:14Z,d8289041ba6a40f452dcc3e81a448e0ab118ccb08809a3e81994309aced7e54d
1000tomax,Uncut red topaz,FINISHED,24,61416,24,66696,1344,5280,2025-07-31T23:10:05Z,2025-07-31T23:45:51Z,2025-07-31T23:45:51Z,28c6f629af3aba7423fbe234a24c081d234aa1eaa7dadf9ff6e21f3a4d642bcb
1000tomax,Torstol potion (unf),FINISHED,320,1230400,320,1223348,24652,-6802,2025-07-31T23:09:46Z,2025-07-31T23:45:47Z,2025-07-31T23:45:47Z,2a1b663b5f181d4fc7a3a9239d61bc71f40c24261919c91c212171cc4a20894c
1000tomax,Rune arrow,FINISHED,2456,368400,2456,383136,7368,14736,2025-07-31T23:38:57Z,2025-07-31T23:43:37Z,2025-07-31T23:43:37Z,cdf7be45f67f07f6ba99c1899f9691c486d49d6db691d8ece0390c89f80b7a8b
1000tomax,Aether catalyst,FINISHED,5911,1194022,5911,1229488,23644,35466,2025-07-31T23:28:31Z,2025-07-31T23:38:06Z,2025-07-31T23:38:06Z,fb4238b251ef514e09f092379428c6df265ca692007514842b1ba637f9416a0c
1000tomax,Ancient brew(4),FINISHED,35,126385,35,129010,2625,2634,2025-07-31T23:01:23Z,2025-07-31T23:34:14Z,2025-07-31T23:34:14Z,f9b32b4729ce46406d24e4ce4b4256c6225ce260cfaa7e63d182373740a40285
1000tomax,Supercompost,FINISHED,2000,26000,2000,52000,0,26000,2025-07-31T23:20:23Z,2025-07-31T23:31:39Z,2025-07-31T23:31:39Z,82c84f68acb3e4187d3ee0734f4d8fc13802afa896a477de8679cece148fac1b
1000tomax,Atlatl dart,FINISHED,8407,504420,8407,546455,8407,42035,2025-07-31T23:12:03Z,2025-07-31T23:27:31Z,2025-07-31T23:27:31Z,85fc314a2fc66d5818f6aa4e2abec6136d24a30cfa264f07b2e89b09d6eca9c5
1000tomax,Nature rune,FINISHED,13504,1188352,13504,1201856,13504,13504,2025-07-31T23:20:13Z,2025-07-31T23:22:30Z,2025-07-31T23:22:30Z,ada7c7ec669a833d5950571dc6edb74da4ed199fc558b4fab62abac8a955ca74
1000tomax,Rune arrow,FINISHED,5034,750066,5034,775236,15102,25170,2025-07-31T23:10:36Z,2025-07-31T23:20:37Z,2025-07-31T23:20:37Z,3db9b5ab5056bc2ee5fadd51eeea145fd252a7fe5aeb8673d008d13a8e784a2d
1000tomax,Yew logs,FINISHED,6832,1284416,6832,1304912,20496,20496,2025-07-31T23:10:46Z,2025-07-31T23:19:36Z,2025-07-31T23:19:36Z,05ab3a83f66c3d9bbd0ec715da8733f3e83ddf6734f05988e8251e40844434c7
1000tomax,Willow longbow (u),FINISHED,1467,123228,1467,134964,1467,11736,2025-07-31T23:15:35Z,2025-07-31T23:18:37Z,2025-07-31T23:18:37Z,de86b4539260b82476ee1be299f840230422e4b538c71ea92a9b4de20a0acaac
1000tomax,Mokhaiotl waystone,FINISHED,10,1220950,10,1248880,25480,27930,2025-07-31T23:08:57Z,2025-07-31T23:10:25Z,2025-07-31T23:10:25Z,731245ab59421de3f05a624ab33a29c1d5cb3501adbc8ef567ce53f0fa624172
1000tomax,Raw summer pie,FINISHED,351,468936,351,469989,9477,1382,2025-07-31T20:22:35Z,2025-07-31T23:09:31Z,2025-07-31T23:09:31Z,ea1bacfd52dc04603ad97fd03c9702d65f1c48773d4476b920e6e80b6d13ac0f
1000tomax,Leaf-bladed battleaxe,FINISHED,3,170586,3,174864,3567,4279,2025-07-31T22:42:14Z,2025-07-31T23:09:06Z,2025-07-31T23:09:06Z,bd3bf94b2ea0015862836d1c4bc9172da7e8b99e8f438b541d5be04be322a6f2
1000tomax,Coal,FINISHED,8904,1299984,8904,1326696,26712,26712,2025-07-31T23:04:12Z,2025-07-31T23:08:09Z,2025-07-31T23:08:09Z,2c145af26b156e38534cddd6cab682901b028490b1ec6086fc1518f0386b9a41
1000tomax,Holy blessing,FINISHED,1,6542,1,9116,186,2574,2025-07-31T22:42:36Z,2025-07-31T22:59:13Z,2025-07-31T22:59:13Z,009a84703759c9929e5737bb3889291b6fae30834fe9e79d0ebe468f07e41298
1000tomax,Bandos boots,FINISHED,1,272714,1,287659,5870,14945,2025-07-31T22:44:43Z,2025-07-31T22:58:01Z,2025-07-31T22:58:01Z,4bec5061d10ae1fd90dc2597ce56193346fb1886443a2d8e65fc581adecc7ad4
1000tomax,Bandos d'hide boots,FINISHED,1,350675,1,364848,7445,14173,2025-07-31T22:54:23Z,2025-07-31T22:56:02Z,2025-07-31T22:56:02Z,f59d90eb10a2df83a9c3ec68ef0c3e3781a38630faeeff255045aa6799a28ad6
1000tomax,Ring of the elements,FINISHED,1,401872,1,430420,8784,28548,2025-07-31T22:53:05Z,2025-07-31T22:55:31Z,2025-07-31T22:55:31Z,a23a7f12773ad84c3f59b27956b151edc0b7025b79aff04262f137aaf3b93b96
1000tomax,Raw karambwan,FINISHED,2699,1203754,2699,1228045,24291,25358,2025-07-31T22:38:38Z,2025-07-31T22:55:01Z,2025-07-31T22:55:01Z,e27cd0603d57221791ee05512e2ce4284f5b03de42364e65f0c95d168ae0bbb0
1000tomax,Occult necklace,FINISHED,2,877372,2,881410,17986,4038,2025-07-31T22:46:06Z,2025-07-31T22:51:44Z,2025-07-31T22:51:44Z,a18ef70bbdf00c77a3bda610421830b49a0e3fdd3bf7bcf1afb89c424071b273
1000tomax,Blood essence,FINISHED,4,1121124,4,1113180,22716,-7944,2025-07-31T22:06:24Z,2025-07-31T22:44:27Z,2025-07-31T22:44:27Z,865b2f9eaf9c22805683435fc51643aae1354704415ce764d1941a32b567e6c9
1000tomax,Burnt page,FINISHED,385,1071455,385,1080310,21945,8855,2025-07-31T22:09:21Z,2025-07-31T22:43:52Z,2025-07-31T22:43:52Z,4c2952fa3bbb9465cd468df651f16d547c8b864bdb35300d55356a9b8fd6694c
1000tomax,Sea turtle,FINISHED,56,52752,56,53760,1064,1008,2025-07-31T22:03:17Z,2025-07-31T22:43:14Z,2025-07-31T22:43:14Z,62d03f696975448774b625ba722e1b9c9f82786fa9d7b31da1cbfe04b0555646
1000tomax,Rune arrow,FINISHED,3510,540540,3510,558090,10530,17550,2025-07-31T22:39:34Z,2025-07-31T22:41:46Z,2025-07-31T22:41:46Z,bdbcc134a54725dc1fc7383d0a26aaeecc7bd5cc62d92037146ec49e2d421f15
1000tomax,Cooked moonlight antelope,FINISHED,5,10700,5,10875,220,175,2025-07-31T21:58:45Z,2025-07-31T22:39:49Z,2025-07-31T22:39:49Z,e5b4a1aa08b2ebb7df732f6db2f423d09a157c692c0e7ed30d7388ffd13b799e
1000tomax,Goading potion(4),FINISHED,7,336588,7,337925,6895,1337,2025-07-31T21:45:14Z,2025-07-31T22:38:38Z,2025-07-31T22:38:38Z,5f28ac3958ab9cc123f77fd9f41149282d5eb65079521d2718a53f7ff73f9134
1000tomax,Torag's platebody,FINISHED,2,413468,2,431463,8805,17996,2025-07-31T21:39:34Z,2025-07-31T22:04:05Z,2025-07-31T22:04:05Z,0e590e245ccd773c416a0c06b6c601b530fe85437b2ccf3811394cf9178b820d
1000tomax,Gold bar,FINISHED,9626,1183998,9626,1203250,19252,19252,2025-07-31T21:48:21Z,2025-07-31T21:59:23Z,2025-07-31T21:59:23Z,e769ddcc88fec5e25a24e8c30e5439a331301fe5e016f0f1ac7e0880b420f5d6
1000tomax,Bracelet of slaughter,FINISHED,49,204183,49,208887,4214,4704,2025-07-31T21:49:00Z,2025-07-31T21:53:57Z,2025-07-31T21:53:57Z,3e0f6a2b553006766d7dae691aa2fae0015af47c556112e2636898f8570ed06e
1000tomax,Tuna potato,FINISHED,723,1258743,723,1269588,25305,10845,2025-07-31T21:41:41Z,2025-07-31T21:50:14Z,2025-07-31T21:50:14Z,32763b42a30e4ff94cca0be5efbf5d0c6501abeeca85a570a8cfa1317d269620
1000tomax,Blighted entangle sack,FINISHED,749,53179,749,56924,749,3745,2025-07-31T21:43:28Z,2025-07-31T21:48:26Z,2025-07-31T21:48:26Z,b338ce9f5d596d8eec7f479cddff4410724f8f6424c4f8e04d366d3d97a08f62
1000tomax,Unpowered orb,FINISHED,4188,280596,4188,284784,4188,4188,2025-07-31T21:23:24Z,2025-07-31T21:42:48Z,2025-07-31T21:42:48Z,639408ff47febc671d93c350bce729ac9715e819a93fb9cef89b43894d6826b3
1000tomax,Warrior ring,FINISHED,6,403866,6,408838,8342,4974,2025-07-31T20:40:56Z,2025-07-31T21:41:54Z,2025-07-31T21:41:54Z,9ef96397d04f40ca5520d348fe74775464e86a93d12013f33c6e990110709b66
1000tomax,Kwuarm seed,FINISHED,48,90576,48,98112,1968,7536,2025-07-31T21:31:07Z,2025-07-31T21:41:26Z,2025-07-31T21:41:26Z,295449516cd96eefa287becb480d6cf79bf10eb171cf750f465b0c5a2b0765c4
1000tomax,Ruby dragon bolts (e),FINISHED,72,226440,72,231984,4680,5544,2025-07-31T21:35:36Z,2025-07-31T21:38:38Z,2025-07-31T21:38:38Z,1251d5336576d507dc5075e34bff62af5d2d30f78beee5a38844988238bfe9d1
1000tomax,Dharok's helm,FINISHED,2,605098,2,610312,12454,5215,2025-07-31T20:34:55Z,2025-07-31T21:35:31Z,2025-07-31T21:35:31Z,bfd349726b283eea522a747aee1b4bf941f27bcb5c49220e6207e2949d2436fd
1000tomax,Bones to peaches,FINISHED,148,153180,148,155844,3108,2664,2025-07-31T21:24:42Z,2025-07-31T21:31:31Z,2025-07-31T21:31:31Z,8db00342314ead68ee64fe350700ab614b19503cb13d820fc119ee17951a7451
1000tomax,Adamant bolts,FINISHED,11000,1023000,11000,1067000,11000,44000,2025-07-31T20:59:51Z,2025-07-31T21:28:53Z,2025-07-31T21:28:53Z,febb952c256b272e79ae45b2b06ab5241169f43c6a9c26386ccdc97ce6b83381
1000tomax,Burnt page,FINISHED,51,142392,51,144024,2907,1632,2025-07-31T21:04:15Z,2025-07-31T21:19:07Z,2025-07-31T21:19:07Z,aa7cc71dd08dcf4b7fdcb37abdf6800ab040cf3a5315c2caf924912f470fdce9
1000tomax,Cosmic rune,FINISHED,17500,1242500,17500,1277500,17500,35000,2025-07-31T20:55:20Z,2025-07-31T21:10:02Z,2025-07-31T21:10:02Z,1db35442bdb2cf03a1dbc74609699c8a99fa1a038f8b9eae87644a3f5dffa95e
1000tomax,Boots of brimstone,FINISHED,2,639014,2,653890,13344,14876,2025-07-31T20:50:28Z,2025-07-31T21:02:47Z,2025-07-31T21:02:47Z,b18d30b218e7f59b210677fe87059fc92688a22ad3352d7333e9ff19f3743fd2
1000tomax,Strange old lockpick (full),FINISHED,4,165380,4,168548,3436,3168,2025-07-31T20:09:04Z,2025-07-31T20:59:17Z,2025-07-31T20:59:17Z,1acdc003112b0220d32e1b41f8cab2364aa6d75b93a6f1a8d1b471cd94f3d497
1000tomax,Chaos rune,FINISHED,17573,1194964,17573,1212537,17573,26823,2025-07-31T20:37:39Z,2025-07-31T20:56:33Z,2025-07-31T20:56:33Z,de414813c3bbdbaea0b32acf3ae121cea4decf26044346c7460efb55206382c1
1000tomax,Saradomin d'hide body,FINISHED,2,232872,2,242666,4952,9795,2025-07-31T20:25:24Z,2025-07-31T20:52:43Z,2025-07-31T20:52:43Z,1abee2f75ff66831698cdbdbf9ca3c9d59a7808b865179783a542a7f4a364c9e
1000tomax,Mithril dart tip,FINISHED,270,25920,270,26460,270,540,2025-07-31T20:41:23Z,2025-07-31T20:49:12Z,2025-07-31T20:49:12Z,30c7abc64dcbda34024a67063bb247eaaff3703bc83e334dcf016b0c091c69b1
1000tomax,Vile ashes,FINISHED,3000,135000,3000,147000,0,12000,2025-07-31T20:30:19Z,2025-07-31T20:40:14Z,2025-07-31T20:40:14Z,b26a6b7fc1864f5f0ecdbdcdf96ba26f2ff34dd613ecf9ab100f66d4176dfb5b
1000tomax,Cannonball,FINISHED,1361,254507,1361,259951,4083,5444,2025-07-31T20:26:00Z,2025-07-31T20:37:56Z,2025-07-31T20:37:56Z,c3e993bb47c2d5ef600e76d50cef41268923ff2af82f7a9bfa9853e430a7ba09
1000tomax,Magic longbow,FINISHED,987,1200192,987,1211049,24675,10857,2025-07-31T20:28:20Z,2025-07-31T20:33:20Z,2025-07-31T20:33:20Z,06ed2f3dbd3d659efe9ea64008a6833f6cb38ba9ce8a18cccec25a6ff3cebda5
1000tomax,Death rune,FINISHED,298,41422,298,42018,596,596,2025-07-31T20:25:01Z,2025-07-31T20:33:17Z,2025-07-31T20:33:17Z,661383b6d8cd56abb7767b424b52b4d23ba20d14000b4f940c6bfaf1a36aa581
1000tomax,Bones to peaches,FINISHED,41,42394,41,43173,861,779,2025-07-31T20:04:58Z,2025-07-31T20:28:10Z,2025-07-31T20:28:10Z,9228a23ce074adecec3cb4da5e62a75196d5a3dc9972426c0f0f0a421e9f658c
1000tomax,Xerician top,FINISHED,22,221386,22,235972,4796,14586,2025-07-31T20:12:30Z,2025-07-31T20:26:29Z,2025-07-31T20:26:29Z,51e0b45081d708092c89bffe2f671c0675d988e92c830f2547933893d6538145
1000tomax,Ancient staff,FINISHED,9,534753,9,541836,11052,7083,2025-07-31T20:13:34Z,2025-07-31T20:25:08Z,2025-07-31T20:25:08Z,bf51c021fbb96eadb34cef62c9b76ad5ada6b0ac3093254bddd08b9172b15503
1000tomax,Dragon sq shield,FINISHED,2,600720,2,606446,12376,5726,2025-07-31T20:08:46Z,2025-07-31T20:23:19Z,2025-07-31T20:23:19Z,c941e41ae728044313d04029d520afe198785a264a53879fcf04f5a4a3e0769c
1000tomax,Death rune,FINISHED,4863,675957,4863,685683,9726,9726,2025-07-31T20:11:13Z,2025-07-31T20:19:42Z,2025-07-31T20:19:42Z,a0b26bef6b44a215d6c5b7015030890b6db4e13d73f407080b827cbbddcc33a5
1000tomax,Rune dart,FINISHED,5749,1109557,5749,1121055,17247,11498,2025-07-31T19:31:33Z,2025-07-31T20:12:15Z,2025-07-31T20:12:15Z,5d5da3a69387ac1c4359bfc74ec20c6959c97a5a7b67bd487699ac997cedd66d
1000tomax,Lava battlestaff,FINISHED,8,72048,8,78152,1592,6104,2025-07-31T20:06:34Z,2025-07-31T20:10:49Z,2025-07-31T20:10:49Z,ccc0d8dea5ecac0b69c343ae941f169166c179efabf36be3db2325b24fd41f53
1000tomax,Ardougne teleport,FINISHED,56,41608,56,42784,0,1176,2025-07-31T19:46:47Z,2025-07-31T20:08:39Z,2025-07-31T20:08:39Z,8a291f47ba4f934ab58e986fe5e4d51dc7c088bb22ff923b912e7c08bc62b001
1000tomax,Dragon knife,FINISHED,60,555180,60,568200,11580,13020,2025-07-31T19:47:55Z,2025-07-31T20:06:53Z,2025-07-31T20:06:53Z,7315154390e42f6d901eeb0ee101dd168316922a691ba75a5999966b44263f2a
1000tomax,Cannonball,FINISHED,895,167365,895,170945,2685,3580,2025-07-31T20:04:48Z,2025-07-31T20:05:32Z,2025-07-31T20:05:32Z,4754f77812f4a673a083ec5ddc87ed361d1521f0eaeab03f714278b2f134da64
1000tomax,Torture ornament kit,FINISHED,1,155662,1,172980,3530,17318,2025-07-31T19:55:11Z,2025-07-31T20:04:53Z,2025-07-31T20:04:53Z,7841ff53511f89a5e70b96ee77d5383b549547c65c1195c745f91920592576db
1000tomax,Guthix rest(4),FINISHED,3,7233,3,7272,147,39,2025-07-31T19:20:48Z,2025-07-31T19:57:32Z,2025-07-31T19:57:32Z,e6f06b024479aef687fa4debde89e9a45f4f2cc72b4f4e1f23598de317336efb
1000tomax,Eclipse moon tassets,FINISHED,1,978716,1,983386,20069,4670,2025-07-31T19:42:43Z,2025-07-31T19:50:26Z,2025-07-31T19:50:26Z,c6b26e868bcb57b2e8990cb9de201a760724db0cc024c884e0f0d7cad5f00787
1000tomax,Bloodbark helm,FINISHED,4,290824,4,302084,6164,11260,2025-07-31T19:38:03Z,2025-07-31T19:49:41Z,2025-07-31T19:49:41Z,ff9f4a78fb2b739ad75a47def3ccd0d85a4442d13a7c91e72f46300c93a79761
1000tomax,Blighted entangle sack,FINISHED,3221,228691,3221,251238,3221,22547,2025-07-31T19:01:14Z,2025-07-31T19:46:52Z,2025-07-31T19:46:52Z,b1b1e304b8701abb2e8b34e693a999b8d4d3be29a5f1cac3c143429eda7c1c01
1000tomax,Cannonball,FINISHED,6073,1135651,6073,1159943,18219,24292,2025-07-31T19:37:39Z,2025-07-31T19:41:35Z,2025-07-31T19:41:35Z,228effdddcae6d33344e8e292fd1ebb0949c61655373bcaa2cceaa6651a4896f
1000tomax,Redwood logs,FINISHED,4,4268,4,4272,84,4,2025-07-31T19:18:41Z,2025-07-31T19:35:44Z,2025-07-31T19:35:44Z,62bccc52b6d5119cf27ac3c3c2ba028556178e81779ba7b97e170f8a9d3644ef
1000tomax,Cannonball,FINISHED,2671,496806,2671,510161,8013,13855,2025-07-31T19:13:06Z,2025-07-31T19:33:36Z,2025-07-31T19:33:36Z,81bfb6e6328b63017e9b0b8b12e822b4badb0e11cf1c9cd0858dd6bb3bd3afde
1000tomax,Steam rune,FINISHED,9203,800661,9203,819067,9203,18406,2025-07-31T18:52:54Z,2025-07-31T19:30:43Z,2025-07-31T19:30:43Z,dd74ea19fa8091f6d8a578e0a12b7d2b6d4016d7ffa403f5c97f0b461041a3e7
1000tomax,Devout boots,FINISHED,1,1112266,1,1120973,22876,8707,2025-07-31T19:14:06Z,2025-07-31T19:26:53Z,2025-07-31T19:26:53Z,03e3e2293d84270c8936264ecaad6154a6b5b8dec462fc278985871833bba9ab
1000tomax,Rune crossbow,FINISHED,15,146715,15,150825,3075,4110,2025-07-31T19:17:39Z,2025-07-31T19:25:45Z,2025-07-31T19:25:45Z,dbc4f4adbd94fcbb13955ad5736216aa317c33ea0e1db1928c38943b483c6e5a
1000tomax,Granite body,FINISHED,1,50313,1,52841,1078,2528,2025-07-31T19:18:19Z,2025-07-31T19:18:58Z,2025-07-31T19:18:58Z,75f52b2b42fe166b1c29604d2744e221661437305514db461cdf63ba9316ce2f
1000tomax,Glacial temotli,FINISHED,1,73392,1,76657,1564,3265,2025-07-31T19:05:20Z,2025-07-31T19:17:57Z,2025-07-31T19:17:57Z,97b582b00d426c3c7fec23ecfa658ef3eebca0593ebb6a47b38290ac2ee6f6d0
1000tomax,Chasm teleport scroll,FINISHED,4,459724,4,458600,9356,-1124,2025-07-31T18:52:50Z,2025-07-31T19:12:56Z,2025-07-31T19:12:56Z,62417006099770cbce6c419f23ef85c6b2684917d2e74b640fba911151f5b7de
1000tomax,Aether catalyst,FINISHED,4008,821640,4008,825648,16032,4008,2025-07-31T18:39:21Z,2025-07-31T19:02:59Z,2025-07-31T19:02:59Z,32c469024d5fda5169c37acfc2d2e826312a83d2c1a990aaaab980d9c99c8c85
1000tomax,Death rune,FINISHED,6080,845120,6080,857280,12160,12160,2025-07-31T18:56:12Z,2025-07-31T18:59:54Z,2025-07-31T18:59:54Z,1492fb5fc10ff59142ec620eadbe1050a176872a74dcb84c06a62abd791f8a2b
1000tomax,Atlatl dart,FINISHED,11000,671000,11000,737000,11000,66000,2025-07-31T18:31:37Z,2025-07-31T18:55:09Z,2025-07-31T18:55:09Z,dac14cacf9e5f68af7b6e028d08448132f0698762f0d5ed99581cf3e8429c19f
1000tomax,Bloodbark boots,FINISHED,4,129500,4,140896,2872,11396,2025-07-31T18:26:25Z,2025-07-31T18:55:03Z,2025-07-31T18:55:03Z,849ea3a3c813effff05db3fdc8a66d0392aad0947ef3076c09f26d172288c798
1000tomax,Saradomin chaps,FINISHED,1,196996,1,202592,4134,5596,2025-07-31T18:28:39Z,2025-07-31T18:52:07Z,2025-07-31T18:52:07Z,377708a9965804c6fcb3a17daf6499a507eb765ea994798c7f3b776f948f03b1
1000tomax,Water orb,FINISHED,473,252582,473,258258,5203,5676,2025-07-31T18:49:14Z,2025-07-31T18:51:57Z,2025-07-31T18:51:57Z,be36e3884212764c0f1dbbc3b19997817983e66d38f90917d9c4cfa2bb10758f
1000tomax,Sapphire dragon bolts (e),FINISHED,222,491286,222,499500,9990,8214,2025-07-31T18:44:50Z,2025-07-31T18:49:57Z,2025-07-31T18:49:57Z,76a05871aef6639cd88516bb47a6bc30f17ae28495ed48a3891671bc5e07610c
1000tomax,Blood rune,FINISHED,3429,689229,3429,696087,13716,6858,2025-07-31T18:34:40Z,2025-07-31T18:37:34Z,2025-07-31T18:37:34Z,88af11ec9b33afdeae6dbab5a987eb33819f20be306e41c7fc511e47d6204a2d
1000tomax,Zombie pirate key,FINISHED,28,423556,28,430304,8764,6748,2025-07-31T18:24:22Z,2025-07-31T18:31:14Z,2025-07-31T18:31:14Z,cee6804e27cf93ea9a64b6382f5b4e8537b5d680e150170d74a92d444ab76fa4
1000tomax,Sea turtle,FINISHED,360,338040,360,345600,6840,7560,2025-07-31T18:24:08Z,2025-07-31T18:31:09Z,2025-07-31T18:31:09Z,ad0788504192b2a8b6303a073bd1e60ddd3c60c850972741d3931b3c87ac4012
1000tomax,Wizard boots,FINISHED,1,215078,1,222687,4544,7609,2025-07-31T18:22:09Z,2025-07-31T18:30:25Z,2025-07-31T18:30:25Z,d48bbdaf5176605ca80230e6dccced83421fa7a0c04284536135fa18a89c4ecf
1000tomax,Nature rune,FINISHED,7898,695024,7898,702922,7898,7898,2025-07-31T18:21:49Z,2025-07-31T18:25:29Z,2025-07-31T18:25:29Z,eed409f28a3d25c824354e0b1aa3fdd8d93333b38b771682f4fff3bf473c7bf6
1000tomax,Rune arrow,FINISHED,6909,1105440,6909,1153803,20727,48363,2025-07-31T18:15:25Z,2025-07-31T18:24:20Z,2025-07-31T18:24:20Z,34a272d9ee535c528866a320763fccf9d983f57d6f330c0c3b5ef3ca59edf995
1000tomax,Saradomin d'hide body,FINISHED,1,125581,1,131386,2681,5805,2025-07-31T18:13:49Z,2025-07-31T18:21:32Z,2025-07-31T18:21:32Z,e73064f873302cb0738ce129555b733afc4a9c6a2b17dbd8e281238ce6634070
1000tomax,Steel arrowtips,FINISHED,1406,36556,1406,39368,0,2812,2025-07-31T16:28:17Z,2025-07-31T18:21:14Z,2025-07-31T18:21:14Z,b2b2a6173c7767a07db0e4331604a220409183b7a44cb10ecb8b9977b06152d5
1000tomax,Blighted manta ray,FINISHED,3088,1093152,3088,1127120,21616,33968,2025-07-31T18:12:28Z,2025-07-31T18:20:53Z,2025-07-31T18:20:53Z,44513935ddb55f5e05bc9b25eb4f9283af2c22d0b4d1af148f798abcc9018f2c
1000tomax,Nature rune,FINISHED,10102,888976,10102,899078,10102,10102,2025-07-31T18:08:57Z,2025-07-31T18:19:27Z,2025-07-31T18:19:27Z,50fda62ca50d848c533e21cb7ee655594c1880e6622742821567dc739009c104
1000tomax,Swampbark body,FINISHED,1,86834,1,94479,1928,7645,2025-07-31T18:17:33Z,2025-07-31T18:18:30Z,2025-07-31T18:18:30Z,f2985ab4a4d9f08c616ab881bae6f3f3169f0ed4eac4f1e83c034250894a96ab
1000tomax,Zamorak d'hide boots,FINISHED,1,463003,1,467537,9541,4534,2025-07-31T18:10:11Z,2025-07-31T18:12:51Z,2025-07-31T18:12:51Z,108e894ef4399c0fd5cd98abdcba0e12e525e0cc9344ea23f3bcb248fb7d7dea
1000tomax,Ring of recoil,FINISHED,703,511784,703,515299,9842,3515,2025-07-31T17:58:05Z,2025-07-31T18:12:46Z,2025-07-31T18:12:46Z,9d80cc468c3a13ba7186d04cd30d232fa2113df705cacf58aef1a9f1f42b2b75
1000tomax,Rune arrow,FINISHED,3525,560475,3525,585150,10575,24675,2025-07-31T18:02:28Z,2025-07-31T18:08:59Z,2025-07-31T18:08:59Z,1cdbc6ca3256db6ac5657265b80eb23a6fb4b4162da42fa2435123041db544d8
1000tomax,Rangers' tights,FINISHED,1,468381,1,488691,9973,20310,2025-07-31T17:52:21Z,2025-07-31T18:05:58Z,2025-07-31T18:05:58Z,4bdc42e769a10a8cbd7b45b6913bd5e7c588a3775392b306627c358b108d473a
1000tomax,Guthan's platebody,FINISHED,1,201868,1,208288,4250,6420,2025-07-31T17:53:05Z,2025-07-31T17:56:30Z,2025-07-31T17:56:30Z,e4d8d4c2b6940f78e8045b0eedff609ba88e2c33f767d62feda60afaabc715a3
1000tomax,Varrock teleport,FINISHED,1460,712480,1460,716860,0,4380,2025-07-31T17:37:16Z,2025-07-31T17:53:55Z,2025-07-31T17:53:55Z,f92aa128b6da08fe3d12fdcb84bd100d7c9eace7e74b312116d207a06efc3e88
1000tomax,Armadyl d'hide body,FINISHED,1,126449,1,135344,2762,8895,2025-07-31T17:44:18Z,2025-07-31T17:46:48Z,2025-07-31T17:46:48Z,a02cec867526f173be99f7adce5e13457fd45f7cb054f1364c826db6719c6e11
1000tomax,Molten glass,FINISHED,13000,884000,13000,897000,13000,13000,2025-07-31T16:36:49Z,2025-07-31T17:46:24Z,2025-07-31T17:46:24Z,417ef07cee629b07fc141febbcfff1fe89e3d59bcc1462db018cafcbe18538c5
1000tomax,Mokhaiotl waystone,FINISHED,6,737910,6,756978,15444,19068,2025-07-31T17:39:18Z,2025-07-31T17:45:25Z,2025-07-31T17:45:25Z,973f8a71a5c2347a47a92ee0eebd732607a33657be50408f636657987ab47a59
1000tomax,Amethyst arrow,FINISHED,4384,1052160,4384,1069696,17536,17536,2025-07-31T17:30:29Z,2025-07-31T17:38:53Z,2025-07-31T17:38:53Z,f50bc2f04b8e840aa5fc0be4516bf2966bca3ba8edf71368e4c6e0d50b798de0
1000tomax,Sapphire dragon bolts (e),FINISHED,166,367026,166,372006,7470,4980,2025-07-31T17:19:54Z,2025-07-31T17:34:00Z,2025-07-31T17:34:00Z,600f90826096cf4ed7266ff74f1e6f07d6391dae7c99e2dd6159b81616a139c7
1000tomax,Mixed hide boots,FINISHED,4,56464,4,59460,1212,2996,2025-07-31T17:17:12Z,2025-07-31T17:32:42Z,2025-07-31T17:32:42Z,77b44d4dcee3a9e1dfd3f31f425e17a8b2d236b400f2826ea7c662e90df16341
1000tomax,Ancient chaps,FINISHED,1,199658,1,210136,4288,10478,2025-07-31T17:29:54Z,2025-07-31T17:32:19Z,2025-07-31T17:32:19Z,bb9484402840da0ca742c3a48e622742f053e44da349133f3c75774189d629ef
1000tomax,Dragon axe,FINISHED,5,363275,5,370810,7565,7535,2025-07-31T17:16:52Z,2025-07-31T17:28:33Z,2025-07-31T17:28:33Z,000259a0560c3a52e6fc35bf916330e04aadacc84faad0b38e43bca65d8dcd46
1000tomax,Armadyl d'hide body,FINISHED,1,126143,1,136207,2779,10064,2025-07-31T17:26:41Z,2025-07-31T17:28:19Z,2025-07-31T17:28:19Z,e010a1f468289fb26c8dac7a04b2175db68bd2283e4ef605f65f7e2899f6b514
1000tomax,Mokhaiotl waystone,FINISHED,4,491896,4,495164,10104,3268,2025-07-31T17:11:07Z,2025-07-31T17:17:39Z,2025-07-31T17:17:39Z,86b56c58ed80611f3581ee1f581500565c2d487a7625f27f0c30db6ad537578a
1000tomax,Impling jar,FINISHED,792,651024,792,658152,12672,7128,2025-07-31T17:01:10Z,2025-07-31T17:15:42Z,2025-07-31T17:15:42Z,3421b0137742996aae530a6045a676da1d092419f489e2c079b85c3c5f0d501d
1000tomax,Marrentill,FINISHED,1701,477981,1701,513702,10206,35721,2025-07-31T16:49:37Z,2025-07-31T17:13:07Z,2025-07-31T17:13:07Z,08fa9c429b85f25ebe5f7cbecaf069c89d691bfd8d225e51ce3db6ef2b89799e
1000tomax,Blighted ancient ice sack,FINISHED,2492,672840,2492,680316,12460,7476,2025-07-31T17:06:43Z,2025-07-31T17:10:35Z,2025-07-31T17:10:35Z,5fac337fd22b536fa9b9ec3358a7253cb4538efea06405744b17504ac65a7f2c
1000tomax,Shattered cannon ornament kit,FINISHED,1,485542,1,496846,10139,11304,2025-07-31T16:48:18Z,2025-07-31T17:09:55Z,2025-07-31T17:09:55Z,abc87e6ece8bddaaaa2b2e321f34eede64ce8b72584ac4b039ca4d259edf00db
1000tomax,Stamina potion(3),FINISHED,118,670476,118,668691,13585,-1758,2025-07-31T14:20:14Z,2025-07-31T17:09:17Z,2025-07-31T17:09:17Z,e0f62c4333eefe9b2be2e0366cfabbd033f9c4c05239d4147b22389859f4c896
1000tomax,Camelot teleport,FINISHED,9,3429,9,3492,0,63,2025-07-31T17:00:21Z,2025-07-31T17:05:26Z,2025-07-31T17:05:26Z,5dc6cd0a266ecaa0cd63cecfe21bb73e5dead431ef541aa45774dcb316eaab3d
1000tomax,Guthix d'hide body,FINISHED,2,239822,2,249388,5088,9567,2025-07-31T16:30:21Z,2025-07-31T16:57:15Z,2025-07-31T16:57:15Z,a38aae58e096cb9d56b9d89e461565aa9220d466005b80d1121f86efa9101306
1000tomax,Ancient chaps,FINISHED,1,197464,1,202998,4142,5534,2025-07-31T16:33:24Z,2025-07-31T16:48:05Z,2025-07-31T16:48:05Z,b223acc8d1e40310a1dcef4254679d202aeb50e35d8f6db2cd54ae090c6cb003
1000tomax,Armadyl d'hide body,FINISHED,1,122070,1,137102,2797,15032,2025-07-31T16:39:59Z,2025-07-31T16:46:25Z,2025-07-31T16:46:25Z,dd08899a1b2b7bddd6073802873b1ea3532e2251737a0d4140e31d22eb8e91c5
1000tomax,Bagged plant 1,FINISHED,147,262395,147,266511,5292,4116,2025-07-31T16:20:03Z,2025-07-31T16:33:54Z,2025-07-31T16:33:54Z,8bfc268e06277f155838a0dc9b7433aa4194cc7847e9836c2e3106a20e19d52a
1000tomax,Extended super antifire(4),FINISHED,45,1015650,45,1026765,20925,11115,2025-07-31T16:28:09Z,2025-07-31T16:30:35Z,2025-07-31T16:30:35Z,b71bc74242792d8ec4de191be30880ab61e428c10265385894b25c387f975eb1
1000tomax,Irit potion (unf),FINISHED,4,8008,4,8072,164,64,2025-07-31T16:02:00Z,2025-07-31T16:29:44Z,2025-07-31T16:29:44Z,aaec59618fe9db74d7a667fcc95515865a09584092ec4a37388e56d60f9765ab
1000tomax,Varrock teleport,FINISHED,624,303888,624,306384,0,2496,2025-07-31T16:22:50Z,2025-07-31T16:27:56Z,2025-07-31T16:27:56Z,efe7922d4574cc0fb91add4b1b770b3d4da963244af114dddd8b28b72ad8ec7a
1000tomax,Iron dart,FINISHED,7000,49000,7000,70000,0,21000,2025-07-31T14:01:00Z,2025-07-31T16:27:26Z,2025-07-31T16:27:26Z,3b3ed468a18aa6a0a19533a0b16565fdae1883ec735d9cd6079a0e1427d3fe99
1000tomax,Burnt page,FINISHED,100,280800,100,282000,5700,1200,2025-07-31T15:52:00Z,2025-07-31T16:26:35Z,2025-07-31T16:26:35Z,8596a285d96b7583516949ad3c7625cbb1b9b622b55cdb195345ec57f8cab734
1000tomax,Divine battlemage potion(4),FINISHED,2,46820,2,48036,980,1217,2025-07-31T15:54:34Z,2025-07-31T16:19:59Z,2025-07-31T16:19:59Z,9647be0976c73587249c2bd7e779680fcadb886a3a164feddbc231bce310d31e
1000tomax,Chaos rune,FINISHED,15253,1021951,15253,1037204,15253,15253,2025-07-31T16:01:09Z,2025-07-31T16:02:38Z,2025-07-31T16:02:38Z,cede0bf7b94e79ab97d7df0fa04a21b7e47aca4d9fcf3a1fc7eb8ec609ee0993
1000tomax,Steam rune,FINISHED,3123,274824,3123,277947,3123,3123,2025-07-31T15:49:36Z,2025-07-31T15:57:41Z,2025-07-31T15:57:41Z,0c00c2ced2dbe9dc57234d0dafbb228213bd572e22ab6b2d9d203688d16a9fc9
1000tomax,Hunter potion(4),FINISHED,10,31470,10,34120,690,2650,2025-07-31T15:36:03Z,2025-07-31T15:55:12Z,2025-07-31T15:55:12Z,c4ca4d4e380aa8b3c575e92880318e88fc42384a433d5a78fb62e772d0181483
1000tomax,Tzhaar-ket-om,FINISHED,1,311069,1,310503,6336,-566,2025-07-31T06:56:30Z,2025-07-31T15:45:24Z,2025-07-31T15:45:24Z,187ce6e2080d66be0685b06203432ae2a11589d1a02c36b286e07ca7a2517e9a
1000tomax,Zamorak chaps,FINISHED,1,313039,1,317656,6482,4617,2025-07-31T15:41:26Z,2025-07-31T15:45:03Z,2025-07-31T15:45:03Z,43027675b17baa19ca55c6913bcdbc46519c0bde6ff0ba27bfa787ad0575d4cf
1000tomax,Tzhaar-ket-om,FINISHED,1,311069,1,310503,6336,-566,2025-07-31T13:08:46Z,2025-07-31T15:43:13Z,2025-07-31T15:43:13Z,a2b82442e42b19f0ee24850d6357854f0a70950ff964986316a0d33803079c8d
1000tomax,Guthix rest(4),FINISHED,1,2337,1,2397,48,60,2025-07-31T15:26:47Z,2025-07-31T15:34:59Z,2025-07-31T15:34:59Z,fbe880a067acd76f85d56500ad1e7ed551df649d11952bec4da28f43a053a956
1000tomax,Atlatl dart,FINISHED,7305,423690,7305,452910,7305,29220,2025-07-31T15:19:20Z,2025-07-31T15:34:11Z,2025-07-31T15:34:11Z,cf29307664ec85a80c4adfe82bc95d93d16068a2380ee4a27d4c8146482f1c20
1000tomax,Torstol potion (unf),FINISHED,5,18535,5,19115,390,580,2025-07-31T14:45:20Z,2025-07-31T15:33:17Z,2025-07-31T15:33:17Z,25125dceed632869f4617007ceb1f9beaa8e9fa5d544c226a44b5b5548631ec7
1000tomax,Cannonball,FINISHED,4245,793815,4245,815040,12735,21225,2025-07-31T15:19:39Z,2025-07-31T15:32:28Z,2025-07-31T15:32:28Z,d4012b855b4dc8cebc9a1a63112c00e1df09a5abe98cab3cd2a57ab1cb1a8a7e
1000tomax,Clockwork,FINISHED,363,454839,363,465366,9438,10527,2025-07-31T15:03:39Z,2025-07-31T15:29:35Z,2025-07-31T15:29:35Z,7cadb4ee479e98b2b3fc08fe6679f9d75175b01cfbce1589e61d8352b2d31f52
1000tomax,Coal,FINISHED,6126,888270,6126,900522,12252,12252,2025-07-31T15:14:37Z,2025-07-31T15:16:35Z,2025-07-31T15:16:35Z,3cd23e537be528b81f2533bf17526cc3ee3d36c5654124ee94504cb5dcd12316
1000tomax,Vile ashes,FINISHED,3000,132000,3000,147000,0,15000,2025-07-31T15:02:50Z,2025-07-31T15:08:02Z,2025-07-31T15:08:02Z,8264ef66f285795a9a2ca84a1517f603f82f3c51a38f62f9d981e7353e1e8702
1000tomax,Cannonball,FINISHED,5318,994466,5318,1021056,15954,26590,2025-07-31T15:03:26Z,2025-07-31T15:06:46Z,2025-07-31T15:06:46Z,7089eb9a1c6b327a40b375b9f25e2ef67b686072947952325f053bbea8f5ab00
1000tomax,Antifire potion(4),FINISHED,182,205114,182,211302,4186,6188,2025-07-31T14:21:57Z,2025-07-31T14:57:14Z,2025-07-31T14:57:14Z,9133b97d0e44101fbef75d837b9b5d1e30121db515bad62fc04e19c1dff3f44e
1000tomax,Cannonball,FINISHED,1437,267282,1437,274467,4311,7185,2025-07-31T14:45:06Z,2025-07-31T14:48:57Z,2025-07-31T14:48:57Z,6545b3aceddf55c4786c28b852b0f7a08e944a9e52f3b04a0a8f6acd1eff0afe
1000tomax,Amethyst arrow,FINISHED,4086,980640,4086,988812,16344,8172,2025-07-31T14:29:56Z,2025-07-31T14:48:23Z,2025-07-31T14:48:23Z,a1da80ad8e70b95c69cfbb1738bcd72103e3030c50d614a83ba1774709f80cdf
1000tomax,Zombie pirate key,FINISHED,43,642248,43,652922,13320,10706,2025-07-31T13:37:20Z,2025-07-31T14:31:13Z,2025-07-31T14:31:13Z,757d7e21b05dd9fed2a87d32d9c32f455379e21e864405eff2fa9d2845d7224b
1000tomax,Echo ahrim's ornament kit,FINISHED,1,109838,1,135063,2756,25225,2025-07-31T14:09:41Z,2025-07-31T14:26:28Z,2025-07-31T14:26:28Z,c108a427a707f4e9a3a9119a86ea459215a333d1f7986ab15314cdf77fd82d93
1000tomax,Ardougne teleport,FINISHED,100,74500,100,77500,0,3000,2025-07-31T13:52:41Z,2025-07-31T14:19:03Z,2025-07-31T14:19:03Z,aa6c59aff1c51152a0e1583177e9201827c975f22bf7edde387460807f934d20
1000tomax,Coal,FINISHED,1035,149040,1035,157320,3105,8280,2025-07-31T14:09:20Z,2025-07-31T14:12:39Z,2025-07-31T14:12:39Z,ef6fdc66f12bd38566aac8be4cf171ac9d02cb9dc2d882ffc0b2f70d3437689a
1000tomax,Guthix rest(4),FINISHED,77,180719,77,184415,3696,3696,2025-07-31T13:23:44Z,2025-07-31T14:05:28Z,2025-07-31T14:05:28Z,9595065213b23fa24f25f2cb77d2d3887d43a50efb1c384645f9a5841e772d4b
1000tomax,Anti-venom+(4),FINISHED,1,11057,1,11251,229,194,2025-07-31T13:55:35Z,2025-07-31T13:58:30Z,2025-07-31T13:58:30Z,00142eb7c955f0c6fb056f9ff707927ee0c1e4a3514b499d0d19d31f38f59658
1000tomax,Sapphire dragon bolts (e),FINISHED,117,259740,117,263250,5265,3510,2025-07-31T13:51:41Z,2025-07-31T13:55:31Z,2025-07-31T13:55:31Z,11e10d86ce3ec5f319d0c863746dd05c23f8d40bfb7eda48dcc5902a97d97c6b
1000tomax,Moonlight antler bolts,FINISHED,496,63488,496,65968,992,2480,2025-07-31T13:42:27Z,2025-07-31T13:51:40Z,2025-07-31T13:51:40Z,2a1addef079db1a4d03e6feeb38a0060116a7441f576f81612dbd419f62629bc
1000tomax,Nature rune,FINISHED,10873,956824,10873,956824,10873,3031,2025-07-31T13:41:12Z,2025-07-31T13:50:08Z,2025-07-31T13:50:08Z,3017e665830b485401584c4e4db16bc906aef9972695adcf08911498fab17c38
1000tomax,Mahogany logs,FINISHED,3405,956805,3405,963615,17025,6810,2025-07-31T13:37:46Z,2025-07-31T13:50:07Z,2025-07-31T13:50:07Z,212a2c10c603687c1315ecc754fa4b6fa4df4a7d410a7226f069101e01697a9c
1000tomax,Gold seal,FINISHED,111,80697,111,95219,1906,14540,2025-07-31T06:38:17Z,2025-07-31T13:49:08Z,2025-07-31T13:49:08Z,867d9ea581cd9defe4f45f894f4d1be54697259dc019264ded26927371f93799
1000tomax,Dragon sword,FINISHED,3,290499,3,298683,6093,8184,2025-07-31T13:15:38Z,2025-07-31T13:46:23Z,2025-07-31T13:46:23Z,1a29c01279f66e3938d10e59ed9f58324b39012fe404a7b3cdf4bc3097665f60
1000tomax,Atlatl dart,FINISHED,3695,221700,3695,232785,3695,11085,2025-07-31T13:38:19Z,2025-07-31T13:41:34Z,2025-07-31T13:41:34Z,990d130defac0247b9aa598ecf3f797fd9db4a0908a0b4e7c99cc668f1efb2c5
1000tomax,Saradomin d'hide body,FINISHED,1,117593,1,126108,2573,8515,2025-07-31T13:15:45Z,2025-07-31T13:31:48Z,2025-07-31T13:31:48Z,9bbc5bbfb98f9d36ea704ed04e5005e8924b2ba7517b6263ea795733641dcd71
1000tomax,Blighted karambwan,FINISHED,4101,492120,4101,500322,8202,8202,2025-07-31T06:44:43Z,2025-07-31T13:31:06Z,2025-07-31T13:31:06Z,2516db047f7a9ba0571816ad7b2eff5b5d19b5910de92f97b9dc08d21ffee9a9
1000tomax,Blighted karambwan,FINISHED,290,34800,290,35380,580,580,2025-07-31T13:08:46Z,2025-07-31T13:31:06Z,2025-07-31T13:31:06Z,2d4200c0e7e4d1bb583f6583fb75ced4f2e22bcd4c174af7a3d8de4dfa0bc30d
1000tomax,Dragon chainbody,FINISHED,3,877809,3,888627,18135,10818,2025-07-31T13:11:25Z,2025-07-31T13:30:23Z,2025-07-31T13:30:23Z,ffd8191419fb35a39823d979ab8fc64d74b91812cabf9218442f92106d1a7f51
1000tomax,Mahogany bird house,FINISHED,30,49200,30,55650,1110,6450,2025-07-31T05:17:04Z,2025-07-31T13:23:12Z,2025-07-31T13:23:12Z,82d1dd4dc9ec3c3310368a2f22778028fb91908a25a708270e54f7c26cbf26b7
1000tomax,Divine ranging potion(4),FINISHED,99,943965,99,952380,19404,8415,2025-07-31T13:12:48Z,2025-07-31T13:14:24Z,2025-07-31T13:14:24Z,1579afbeb4dce44bd0f91a0dd22b0b87073357af8ab01dd2b6e7dbb207c9b44a
1000tomax,Chasm teleport scroll,FINISHED,4,474108,4,483964,9876,9856,2025-07-31T13:11:58Z,2025-07-31T13:13:58Z,2025-07-31T13:13:58Z,73c9315405fd833107fbae697a10ad629c3d3263e80352c8b2a98748df80ed11
1000tomax,Iron dart tip,FINISHED,4300,163400,4300,176300,0,12900,2025-07-31T06:42:02Z,2025-07-31T13:11:46Z,2025-07-31T13:11:46Z,51377d5dd2449d942147516520d0e2e455ce6b91e8cc755ad3adea76644ca066
1000tomax,Iron dart tip,FINISHED,1351,51338,1351,55391,0,4053,2025-07-31T13:08:46Z,2025-07-31T13:09:48Z,2025-07-31T13:09:48Z,78a46be221f03f41afa7b7f45c25fc9db9bc7064722e8c14bf6dcfe0e38d7902
1000tomax,Rune arrow,FINISHED,3935,574510,3935,641405,11805,66895,2025-07-31T06:39:19Z,2025-07-31T13:09:31Z,2025-07-31T13:09:31Z,9d227d4dcd8053e178f0f0a324e275e5c1f14ed438a03dbc272dfead0c62b541
1000tomax,Rune arrow,FINISHED,2158,315068,2158,351754,6474,36686,2025-07-31T13:08:46Z,2025-07-31T13:09:14Z,2025-07-31T13:09:14Z,3e1700c9743e0b45dd8e967f3a516f2058c8d946e2d0f5b4994d5130b61242ff
1000tomax,Mort'ton teleport,FINISHED,11,209022,11,219197,4466,10175,2025-07-31T05:34:34Z,2025-07-31T13:08:46Z,2025-07-31T13:08:46Z,8bb38281982e3728f43b2e35bedd4caadbeb760df6622897e31c643afc7b5bb0
1000tomax,Atlatl dart,FINISHED,11000,693000,11000,737000,11000,44000,2025-07-31T06:43:40Z,2025-07-31T06:51:47Z,2025-07-31T06:51:47Z,cc2186257128facc2a14b21147cd67c06614e01bdf48517272faf426334d17f2
1000tomax,Lobster,FINISHED,4999,829834,4999,849830,0,19996,2025-07-31T06:36:54Z,2025-07-31T06:45:57Z,2025-07-31T06:45:57Z,0e60a6216b6d6a4357edf496980c20fd4433e51cee746b64d715feaeed5038e0
1000tomax,Dragon sword,FINISHED,3,287616,3,297282,6066,9666,2025-07-31T05:10:03Z,2025-07-31T06:35:43Z,2025-07-31T06:35:43Z,da142e21abf7227d92513c55395bead47ceb3044ba93177e4e587dfb7dc622cf
1000tomax,Black dragon leather,FINISHED,247,770887,247,777062,15808,6175,2025-07-31T05:32:28Z,2025-07-31T05:46:42Z,2025-07-31T05:46:42Z,813b0ad3f74ffe9bead5de4017daf1872fd10c46fb80139cdebb1632fc646adf
1000tomax,Warrior ring,FINISHED,2,148534,2,167784,3424,19250,2025-07-31T05:29:27Z,2025-07-31T05:39:28Z,2025-07-31T05:39:28Z,a33b3d54864335e927645a7ede0318cec35c2169f1454ffeea8f6202b34af947
1000tomax,Kraken tentacle,FINISHED,2,763500,2,775300,15822,11800,2025-07-31T05:21:12Z,2025-07-31T05:34:03Z,2025-07-31T05:34:03Z,c81c8a08bf0353f5ffd1e79131064681bb332750b72657f6b59695d87a2cd62d
1000tomax,Adamant bolts,FINISHED,5796,533232,5796,550620,5796,17388,2025-07-31T05:17:13Z,2025-07-31T05:32:31Z,2025-07-31T05:32:31Z,4247985f21e266205a7c555b49a85390de235c9a96630b5335265831c8e769e8
1000tomax,Divine super strength potion(4),FINISHED,80,747600,80,777200,15840,29600,2025-07-31T04:48:10Z,2025-07-31T05:23:17Z,2025-07-31T05:23:17Z,b897314b9f0ff2820b7d9501532f909e959e30f107bdd11877efda59eafac086
1000tomax,Bandos d'hide boots,FINISHED,1,311415,1,332530,6786,21115,2025-07-31T05:12:15Z,2025-07-31T05:17:56Z,2025-07-31T05:17:56Z,37c3cca110f41b72593bcf8ffe6fa7402022d98d3599ad3ed82da180d571d03d
1000tomax,Torag's platelegs,FINISHED,1,202148,1,212452,4335,10304,2025-07-31T05:13:33Z,2025-07-31T05:15:26Z,2025-07-31T05:15:26Z,f8364a727b61c883ab510f604c52e7820848ff3540c9ec757285edf2c6df6655
1000tomax,Raw karambwan,FINISHED,11,4686,11,4851,88,165,2025-07-31T04:40:09Z,2025-07-31T05:10:21Z,2025-07-31T05:10:21Z,53a8564a3000483d9bec859945e4a57ae05c3173a1390679e59e9ee89a667186
1000tomax,Forgotten brew(4),FINISHED,65,250965,65,254085,5135,3120,2025-07-31T04:56:31Z,2025-07-31T05:10:03Z,2025-07-31T05:10:03Z,8f50c6badb763a756ae0648b89646c181d717a2e6215d4d6f59f41d804eb4d24
1000tomax,Vial of blood,FINISHED,52,650156,52,651352,13260,1196,2025-07-31T04:27:08Z,2025-07-31T05:09:28Z,2025-07-31T05:09:28Z,5db97df7382d1f89ce04f0fc52b8471543ae2763d5c56314a8669d0e3938a7d3
1000tomax,Gold bar,FINISHED,3733,459159,3733,459159,7466,0,2025-07-31T04:43:25Z,2025-07-31T04:54:24Z,2025-07-31T04:54:24Z,4b449a65648dc988a959dc0a912a0e9e75d29fb279cdd6f4dc9439553fe3998b
1000tomax,Dragonstone bolts,FINISHED,540,421740,540,426060,8640,4320,2025-07-31T04:31:23Z,2025-07-31T04:52:30Z,2025-07-31T04:52:30Z,84b7ff0afecbccfc701a8ea564f83354384daad1b754426ae0a4935e81028b51
1000tomax,Bloodbark helm,FINISHED,2,145302,2,154958,3162,9656,2025-07-31T04:37:19Z,2025-07-31T04:44:05Z,2025-07-31T04:44:05Z,855b202b762e12da050cd8ecb70032ec1400e8e563cd218ea2856a5133263ed6
1000tomax,Elder chaos robe,FINISHED,1,239642,1,251389,5130,11747,2025-07-31T04:37:27Z,2025-07-31T04:41:44Z,2025-07-31T04:41:44Z,9208051e7474e929ad4e9f2825df83e3c00b10f52aeefbe47762372fed17c310
1000tomax,Black dragon leather,FINISHED,125,387125,125,390500,7875,3375,2025-07-31T04:25:46Z,2025-07-31T04:39:05Z,2025-07-31T04:39:05Z,6dba78ca8882725ff645421341b450583de3f9f9be31d8f4d44f7773b8f66b10
1000tomax,Bones to peaches,FINISHED,92,99544,92,102948,2024,3404,2025-07-31T04:29:13Z,2025-07-31T04:35:37Z,2025-07-31T04:35:37Z,dcf2de0038468ce08ce148cfcbbad8fa25c8a657ca392df60f9a4a66242ddbac
1000tomax,Amethyst dart tip,FINISHED,1160,496480,1160,499960,9280,3480,2025-07-31T04:17:26Z,2025-07-31T04:33:07Z,2025-07-31T04:33:07Z,170700270793f209c5545f1fb3f63e0f071df36b0a3b360640aab3998721af5f
1000tomax,Divine magic potion(4),FINISHED,4,15528,4,16072,324,544,2025-07-31T04:24:16Z,2025-07-31T04:31:28Z,2025-07-31T04:31:28Z,b44d5d744bb41b04bd87973106eac4f897652e1215cbc0d8ef71ead782f2c689
1000tomax,Mixed hide boots,FINISHED,3,42183,3,43812,894,1629,2025-07-31T04:23:26Z,2025-07-31T04:28:45Z,2025-07-31T04:28:45Z,77ebbde975a7c0a73193f32140381221095c9fa7c501c25ab60ddc6fac731e53
1000tomax,Warrior ring,FINISHED,3,231684,3,248553,5070,16869,2025-07-31T04:16:01Z,2025-07-31T04:26:32Z,2025-07-31T04:26:32Z,0cd27c2ae4f86f18a1f44f22222213e6fbbb71e48e3e6087b949631bd7cad493
1000tomax,Guthix d'hide body,FINISHED,1,127282,1,131032,2674,3750,2025-07-31T04:17:07Z,2025-07-31T04:25:34Z,2025-07-31T04:25:34Z,54583188b6673243408e943a5462aa68b4912d83ba2e97ba473b0250a1add232
1000tomax,Coal,FINISHED,3316,450976,3316,467556,6632,16580,2025-07-31T03:57:14Z,2025-07-31T04:17:52Z,2025-07-31T04:17:52Z,b7e437ff56b6c3332ed4cb518c2af3291a6061369e43aadbe35283749e372822
1000tomax,Lumbridge teleport,FINISHED,690,362250,690,378120,0,15870,2025-07-31T03:01:19Z,2025-07-31T04:17:16Z,2025-07-31T04:17:16Z,43362cc41084a643c4f7cdc35029933427f664ff103b9e567595f89a351edf36
1000tomax,Ruby bolts,FINISHED,1193,286320,1193,291092,4772,4772,2025-07-31T03:58:53Z,2025-07-31T04:13:04Z,2025-07-31T04:13:04Z,0cca21d887ee129b978d7fd6304dc7d8d501c09fc34ae52d8a7fedaad2dfe87d
1000tomax,Hueycoatl hide coif,FINISHED,1,268783,1,278010,5673,9227,2025-07-31T03:53:26Z,2025-07-31T04:11:43Z,2025-07-31T04:11:43Z,a8aab01c0846fd3d66329ec31fe5bc9918c567db9edb2674551805e16b02d9b0
1000tomax,Blood rune,FINISHED,4042,816484,4042,832652,16168,16168,2025-07-31T03:04:46Z,2025-07-31T03:59:03Z,2025-07-31T03:59:03Z,444e9dada2391e21b9564d6f947b75f533bb5db61837f25764c4640373166e26
1000tomax,Chasm teleport scroll,FINISHED,4,468936,4,482240,9840,13304,2025-07-31T03:56:10Z,2025-07-31T03:56:45Z,2025-07-31T03:56:45Z,f5a6201653e11682ff548fe4bd43b9ae6da63a2f5d5e7541f8034fdbb285bbb0
1000tomax,Mixed hide cape,FINISHED,24,346968,24,359856,7320,12888,2025-07-31T02:29:33Z,2025-07-31T03:13:03Z,2025-07-31T03:13:03Z,f30338eafc8c1f837e65cf320a8a23cd8a6481f77ea2abce87df54630f0ea807
1000tomax,Ruby bolts (e),FINISHED,3055,274950,3055,284115,3055,9165,2025-07-31T02:31:02Z,2025-07-31T03:11:00Z,2025-07-31T03:11:00Z,2468fb072ff9c8797c0d36018aa6d456da5d5f67962eb65bd3bde8c4eeeab5b5
1000tomax,Tyrannical ring,FINISHED,1,221748,1,228428,4661,6680,2025-07-31T03:02:52Z,2025-07-31T03:06:16Z,2025-07-31T03:06:16Z,a064273f47e19ed07f85fd7c668064e045dad5956e965bd6ea908fae50e20cad
1000tomax,Chaos rune,FINISHED,6266,426088,6266,432354,6266,6266,2025-07-31T03:04:22Z,2025-07-31T03:04:48Z,2025-07-31T03:04:48Z,418555ce59bcfa4ba59ff412303481d70d3db91ecfd5fd7ea57e0b03749de1fa
1000tomax,Mokhaiotl waystone,FINISHED,6,736476,6,754392,15390,17916,2025-07-31T02:35:09Z,2025-07-31T02:59:56Z,2025-07-31T02:59:56Z,9bca78de15013fb6f3fee683c5c2fb772c37d49f752fd86c84fd5ad3ba775e47
1000tomax,Saradomin d'hide body,FINISHED,1,128426,1,126495,2581,-1931,2025-07-31T02:33:50Z,2025-07-31T02:59:53Z,2025-07-31T02:59:53Z,2880eb28864534def2f931642c1aa91839d100058a09725c3e1c226375a5c0c6
1000tomax,Cannonball,FINISHED,4230,803700,4230,824850,12690,21150,2025-07-31T02:29:07Z,2025-07-31T02:59:46Z,2025-07-31T02:59:46Z,48f8fb63309ec8104c457873cd9facccc9c7f07e5d85e367aaf94f55aaa54ce0
1000tomax,Guam leaf,FINISHED,511,138481,511,140525,2555,2044,2025-07-31T02:11:39Z,2025-07-31T02:49:38Z,2025-07-31T02:49:38Z,66cf6e2394e2b9df5a1ebfc021faf9c7c842966aade74d101d6da8db8267302d
1000tomax,Rune arrow,FINISHED,4289,634772,4289,669084,12867,34312,2025-07-31T02:28:21Z,2025-07-31T02:36:52Z,2025-07-31T02:36:52Z,7ece2a831d8676f915018ba1fd6562b44c37d4e93a27e32c713db2ee8b27b15d
1000tomax,Law rune,FINISHED,5139,549873,5139,560151,10278,10278,2025-07-31T02:11:12Z,2025-07-31T02:27:14Z,2025-07-31T02:27:14Z,a095a9bea38bab494b8b885a381cce191a1296b664e04d2ff0e4e0935aa1d2f7
1000tomax,Rune arrow,FINISHED,4317,634599,4317,677769,12951,43170,2025-07-31T02:19:03Z,2025-07-31T02:27:10Z,2025-07-31T02:27:10Z,b98d6bd998ff91b807df9c3e5f0cd3fc61c88dcdbc5e922ee469152d4c93ab5e
1000tomax,Cannonball,FINISHED,2581,490390,2581,503295,7743,12905,2025-07-31T02:14:29Z,2025-07-31T02:18:23Z,2025-07-31T02:18:23Z,05d781395a6a487b993dc51ca025e7fa64427c6e3ff838b6d1a740c3bffbb4f0
1000tomax,Zamorak d'hide boots,FINISHED,1,466548,1,475242,9698,8694,2025-07-31T02:11:40Z,2025-07-31T02:14:41Z,2025-07-31T02:14:41Z,cc9c11b9da8cc06256aa2b948b0f709482e54f257a0737b28ba402333b9a40f9
1000tomax,Cannonball,FINISHED,4060,775460,4060,791700,12180,16240,2025-07-31T02:08:19Z,2025-07-31T02:11:17Z,2025-07-31T02:11:17Z,cfba05db0aa95752e45b04af8824b68c4015ee8bb7574102c54e32de4ea9bdb9
1000tomax,Tzhaar-ket-om,FINISHED,2,634248,2,651330,13292,17082,2025-07-31T01:50:40Z,2025-07-31T02:09:43Z,2025-07-31T02:09:43Z,43c7675a823b16c6276d6ed52cc3c5e74b46dc7bedc7c9bf0d3e5ec028dab857
1000tomax,Bloodbark gauntlets,FINISHED,2,63658,2,67698,1380,4040,2025-07-31T01:46:20Z,2025-07-31T02:08:57Z,2025-07-31T02:08:57Z,ea1e7e82a89749280235fedb2c22bef47f18f6954cf806a95b81e8d8ae7d2c57
1000tomax,Rune arrow,FINISHED,2394,356706,2394,378252,7182,21546,2025-07-31T01:57:25Z,2025-07-31T02:08:12Z,2025-07-31T02:08:12Z,f28366a91bb2f449ef4eca2d74e5768e7ff703e58356e72166212ffa36278fee
1000tomax,Harralander,FINISHED,960,465600,960,473280,9600,7680,2025-07-31T01:41:33Z,2025-07-31T01:50:52Z,2025-07-31T01:50:52Z,108ba7892aa21f732520d946b3dcd668d389437df5c058ef614ad3b4a675c6a8
